temperature,humidity,wind_speed,rain,clothing
8.6,73,5.7,yes,코트+우산
7.0,52,4.9,no,코트
18.8,99,6.8,yes,가디건+우산
14.6,55,3.9,yes,가디건+우산
-4.9,83,3.4,no,코트
12.6,50,5.3,no,코트
21.8,38,8.3,no,긴팔
13.3,35,3.9,yes,가디건+우산
1.3,88,10.0,no,코트
16.9,55,1.6,yes,가디건+우산
-1.2,84,7.9,no,코트
30.9,97,7.5,no,반팔
5.4,57,4.6,no,코트
29.4,65,3.6,yes,반팔+우산
-1.0,31,9.1,yes,코트+우산
27.9,93,2.3,yes,반팔+우산
16.0,61,2.4,yes,가디건+우산
21.7,62,3.7,no,긴팔
22.6,76,4.5,yes,긴팔+우산
17.2,42,0.6,no,가디건
24.5,100,1.0,yes,긴팔+우산
2.8,81,9.6,yes,코트+우산
7.3,58,6.2,no,코트
1.3,42,4.6,no,코트
-0.1,70,0.5,yes,코트+우산
32.1,62,4.3,no,반팔
28.0,38,6.8,no,반팔
33.6,37,6.9,yes,반팔+우산
30.3,100,1.2,yes,반팔+우산
6.0,40,3.9,yes,코트+우산
5.9,71,7.5,no,코트
8.9,52,4.2,no,코트
18.2,44,1.6,no,가디건
13.8,56,7.8,yes,가디건+우산
16.2,40,9.4,no,가디건
34.1,39,1.6,yes,반팔+우산
32.0,99,9.6,yes,반팔+우산
22.0,59,6.4,yes,긴팔+우산
15.9,65,9.3,yes,가디건+우산
5.9,86,1.0,yes,코트+우산
24.6,71,3.2,no,긴팔
27.9,94,3.8,yes,반팔+우산
13.1,98,5.1,no,가디건
12.8,30,4.6,no,코트
29.9,59,9.6,yes,반팔+우산
16.6,59,0.7,yes,가디건+우산
28.0,51,9.9,no,반팔
23.6,43,6.4,no,긴팔
20.8,50,8.3,no,긴팔
24.5,54,5.9,no,긴팔
-2.8,90,3.4,yes,코트+우산
15.2,81,3.5,no,가디건
21.7,88,0.6,no,긴팔
7.7,87,6.9,yes,코트+우산
30.3,100,3.9,yes,반팔+우산
34.2,78,6.9,yes,반팔+우산
7.4,34,2.4,yes,코트+우산
11.2,44,9.1,no,코트
10.9,49,3.3,no,코트
13.3,68,4.4,no,가디건
32.2,65,9.2,yes,반팔+우산
28.0,65,8.2,no,반팔
8.4,57,8.0,no,코트
12.6,66,5.5,yes,코트+우산
17.0,100,1.3,yes,가디건+우산
3.6,64,2.4,yes,코트+우산
17.8,90,3.3,no,가디건
27.0,72,3.6,yes,반팔+우산
17.3,31,9.5,no,가디건
5.1,31,5.5,no,코트
1.3,63,7.6,yes,코트+우산
10.9,91,7.2,no,코트
22.3,32,8.0,yes,긴팔+우산
10.7,93,6.0,no,코트
14.8,45,5.9,yes,가디건+우산
22.9,40,4.0,no,긴팔
22.4,54,2.2,yes,긴팔+우산
33.0,39,5.6,no,반팔
16.2,35,4.8,no,가디건
23.8,97,9.2,no,긴팔
17.0,62,4.1,yes,가디건+우산
19.8,90,9.3,no,가디건
6.1,91,3.2,yes,코트+우산
28.6,53,5.1,no,반팔
33.3,67,7.5,no,반팔
16.9,41,8.0,yes,가디건+우산
31.2,35,7.1,no,반팔
6.7,84,7.9,yes,코트+우산
-2.8,69,6.3,yes,코트+우산
1.4,35,0.6,yes,코트+우산
-4.1,53,3.6,no,코트
6.7,79,8.4,no,코트
19.8,57,7.1,yes,가디건+우산
14.5,98,3.9,yes,가디건+우산
10.1,36,1.9,yes,코트+우산
9.2,37,1.2,yes,코트+우산
-2.8,48,0.8,no,코트
22.8,85,9.7,no,긴팔
12.1,71,8.8,no,코트
13.0,85,7.4,no,가디건
19.5,33,3.4,yes,가디건+우산
5.3,46,6.1,yes,코트+우산
11.1,62,6.1,yes,코트+우산
2.2,32,9.1,no,코트
16.4,51,4.6,yes,가디건+우산
20.7,85,7.6,yes,긴팔+우산
-0.4,91,9.5,yes,코트+우산
28.5,88,1.2,yes,반팔+우산
13.3,55,9.9,no,가디건
4.8,56,6.6,no,코트
28.5,65,6.9,no,반팔
0.3,58,1.6,no,코트
-0.3,95,9.7,yes,코트+우산
9.7,54,8.7,no,코트
14.4,74,6.8,yes,가디건+우산
20.2,40,5.8,no,긴팔
16.2,93,1.4,yes,가디건+우산
21.2,91,7.3,no,긴팔
34.1,53,7.0,no,반팔
23.5,93,8.3,yes,긴팔+우산
15.9,41,3.4,yes,가디건+우산
-2.1,39,2.2,yes,코트+우산
4.5,45,5.3,yes,코트+우산
-1.7,73,1.5,yes,코트+우산
26.8,53,3.2,no,긴팔
20.5,96,4.5,yes,긴팔+우산
20.4,95,9.3,yes,긴팔+우산
9.9,45,1.8,no,코트
9.9,62,9.3,yes,코트+우산
1.8,47,3.4,no,코트
2.6,65,0.8,yes,코트+우산
-3.4,59,6.8,no,코트
-2.7,68,1.2,yes,코트+우산
12.2,84,4.1,yes,코트+우산
-4.5,73,7.7,yes,코트+우산
19.0,34,0.9,no,가디건
29.0,45,3.8,no,반팔
3.4,51,6.0,no,코트
12.3,96,9.8,no,코트
13.5,85,1.5,yes,가디건+우산
20.3,36,1.1,yes,긴팔+우산
7.0,55,4.6,no,코트
22.8,93,0.9,yes,긴팔+우산
-4.9,65,3.0,no,코트
20.5,47,5.0,no,긴팔
32.3,65,1.2,no,반팔
22.5,82,4.5,yes,긴팔+우산
30.6,87,9.7,yes,반팔+우산
12.4,64,4.8,no,코트
21.8,56,7.2,yes,긴팔+우산
6.5,38,8.9,yes,코트+우산
21.3,60,5.0,yes,긴팔+우산
3.9,75,6.1,no,코트
-4.3,83,4.0,yes,코트+우산
18.1,37,9.5,yes,가디건+우산
20.0,76,1.6,yes,긴팔+우산
22.5,76,7.1,yes,긴팔+우산
18.2,38,0.6,yes,가디건+우산
11.3,69,3.4,yes,코트+우산
13.3,81,4.5,yes,가디건+우산
25.8,89,4.3,yes,긴팔+우산
24.8,76,8.7,no,긴팔
34.2,68,2.0,no,반팔
27.4,36,2.4,no,반팔
28.3,37,1.8,no,반팔
6.3,87,9.8,no,코트
16.1,75,5.0,yes,가디건+우산
6.3,74,5.2,yes,코트+우산
22.4,30,2.1,no,긴팔
-1.2,84,1.6,yes,코트+우산
31.0,84,9.0,no,반팔
0.6,35,8.6,yes,코트+우산
24.2,82,4.1,yes,긴팔+우산
2.6,66,6.4,yes,코트+우산
-3.4,67,2.1,no,코트
28.4,48,2.9,no,반팔
13.9,39,1.5,no,가디건
32.9,86,9.5,yes,반팔+우산
11.5,91,1.0,yes,코트+우산
22.7,52,5.0,yes,긴팔+우산
-2.9,49,8.4,yes,코트+우산
12.9,67,2.9,no,코트
-0.8,78,5.3,yes,코트+우산
22.7,84,5.6,no,긴팔
0.3,53,2.4,yes,코트+우산
30.6,72,7.6,yes,반팔+우산
22.6,82,1.0,yes,긴팔+우산
9.9,87,5.7,no,코트
10.9,59,6.4,yes,코트+우산
23.2,95,2.8,no,긴팔
26.5,61,1.5,yes,긴팔+우산
28.1,45,1.1,no,반팔
26.9,59,2.3,no,긴팔
3.1,71,4.1,yes,코트+우산
28.1,31,1.8,no,반팔
0.5,72,0.9,yes,코트+우산
31.8,88,6.7,no,반팔
12.1,81,4.6,yes,코트+우산
0.3,52,4.3,no,코트
28.1,100,0.6,yes,반팔+우산
25.2,74,9.9,yes,긴팔+우산
1.9,97,2.8,yes,코트+우산
32.9,41,8.2,no,반팔
0.9,61,3.7,no,코트
0.4,55,1.5,no,코트
-0.1,81,1.9,yes,코트+우산
-1.8,88,4.6,no,코트
30.9,92,4.2,no,반팔
12.8,54,0.6,yes,코트+우산
13.7,60,7.3,no,가디건
-3.4,67,9.2,no,코트
24.5,83,3.3,yes,긴팔+우산
32.1,54,7.7,no,반팔
28.9,40,6.2,yes,반팔+우산
-4.8,82,9.9,no,코트
29.0,92,6.9,yes,반팔+우산
34.0,61,3.4,yes,반팔+우산
19.7,75,1.7,no,가디건
32.9,89,7.5,no,반팔
13.2,41,4.5,no,가디건
32.9,51,7.4,no,반팔
22.3,32,3.7,no,긴팔
5.5,95,8.8,no,코트
15.1,91,6.8,yes,가디건+우산
6.3,54,9.4,no,코트
15.1,63,3.3,yes,가디건+우산
5.3,89,3.8,yes,코트+우산
34.2,71,7.4,no,반팔
19.3,54,7.4,yes,가디건+우산
13.7,90,8.4,yes,가디건+우산
27.7,68,9.8,yes,반팔+우산
34.2,56,1.8,no,반팔
3.1,81,2.0,no,코트
0.2,99,4.5,yes,코트+우산
20.2,31,3.8,no,긴팔
9.7,54,5.5,yes,코트+우산
27.1,50,7.8,yes,반팔+우산
6.0,71,7.1,yes,코트+우산
34.9,35,4.8,no,반팔
-4.2,67,4.4,no,코트
12.0,53,7.3,no,코트
5.9,94,2.0,no,코트
16.2,32,1.0,no,가디건
-3.0,39,5.8,no,코트
-0.6,45,9.5,no,코트
20.9,98,2.8,yes,긴팔+우산
6.6,100,0.9,no,코트
20.9,80,3.5,yes,긴팔+우산
30.3,57,3.4,yes,반팔+우산
1.8,83,5.9,no,코트
-1.9,70,8.7,no,코트
24.5,76,3.1,yes,긴팔+우산
12.1,51,6.5,yes,코트+우산
4.9,93,6.0,yes,코트+우산
3.1,48,9.0,no,코트
1.6,66,4.3,yes,코트+우산
23.4,53,7.1,no,긴팔
31.4,94,6.9,yes,반팔+우산
10.7,74,7.7,no,코트
13.5,95,3.1,yes,가디건+우산
20.3,84,1.6,yes,긴팔+우산
22.3,63,8.6,yes,긴팔+우산
17.3,69,2.4,no,가디건
28.0,62,5.6,yes,반팔+우산
28.6,92,8.5,no,반팔
1.6,62,2.9,yes,코트+우산
23.5,45,2.8,yes,긴팔+우산
-0.5,96,5.0,yes,코트+우산
12.7,92,6.8,no,코트
21.1,42,9.3,no,긴팔
29.7,70,8.9,no,반팔
16.8,79,2.1,no,가디건
30.2,60,2.6,yes,반팔+우산
9.0,58,7.8,yes,코트+우산
31.2,90,2.9,no,반팔
5.7,54,8.4,yes,코트+우산
19.3,77,0.6,yes,가디건+우산
-3.3,89,9.0,yes,코트+우산
-2.3,42,2.9,no,코트
9.5,88,8.3,no,코트
24.7,39,3.0,yes,긴팔+우산
12.1,56,2.5,no,코트
21.8,43,4.0,no,긴팔
20.5,100,1.8,yes,긴팔+우산
32.5,51,4.7,yes,반팔+우산
0.2,91,4.6,no,코트
-3.6,64,7.9,yes,코트+우산
32.9,93,1.2,yes,반팔+우산
5.6,67,5.9,yes,코트+우산
30.1,83,3.4,yes,반팔+우산
10.3,92,6.6,no,코트
12.0,67,5.0,yes,코트+우산
4.1,66,8.3,yes,코트+우산
10.7,86,7.9,yes,코트+우산
-3.7,100,4.9,no,코트
3.4,96,8.4,yes,코트+우산
21.5,75,2.9,yes,긴팔+우산
14.3,88,1.4,yes,가디건+우산
19.8,49,8.0,yes,가디건+우산
18.5,49,8.3,no,가디건
11.6,32,9.5,yes,코트+우산
23.3,60,9.4,no,긴팔
25.4,86,8.0,yes,긴팔+우산
13.7,67,9.7,no,가디건
3.6,91,3.1,yes,코트+우산
2.7,34,7.3,yes,코트+우산
22.9,79,7.0,no,긴팔
28.0,94,3.9,no,반팔
-2.4,90,9.8,yes,코트+우산
33.0,62,4.6,no,반팔
21.3,32,2.6,yes,긴팔+우산
5.6,81,8.1,no,코트
1.5,68,1.7,yes,코트+우산
33.2,46,3.9,yes,반팔+우산
25.2,59,2.2,yes,긴팔+우산
8.5,42,6.6,yes,코트+우산
18.0,34,4.0,yes,가디건+우산
-2.5,77,9.1,no,코트
28.8,85,5.5,yes,반팔+우산
23.2,93,9.0,no,긴팔
34.8,32,9.6,no,반팔
5.1,97,9.0,no,코트
30.4,47,2.7,yes,반팔+우산
17.8,93,9.6,no,가디건
8.3,66,7.2,yes,코트+우산
-2.5,31,2.9,no,코트
23.7,53,2.3,yes,긴팔+우산
-3.5,77,3.0,yes,코트+우산
1.4,57,9.6,no,코트
19.6,71,8.2,no,가디건
16.1,82,9.1,no,가디건
-2.1,86,5.1,no,코트
16.6,81,5.6,no,가디건
-3.2,33,5.4,yes,코트+우산
32.8,75,7.2,yes,반팔+우산
25.3,88,1.7,yes,긴팔+우산
11.0,58,5.0,no,코트
14.7,77,7.8,yes,가디건+우산
22.2,46,7.6,yes,긴팔+우산
-0.9,40,6.0,no,코트
-2.8,46,4.4,no,코트
32.2,64,9.5,no,반팔
28.8,94,9.8,no,반팔
-2.9,64,9.5,no,코트
34.9,97,7.2,yes,반팔+우산
33.9,84,2.1,no,반팔
4.2,47,9.4,no,코트
6.6,71,8.9,yes,코트+우산
13.4,75,1.5,yes,가디건+우산
32.5,86,5.6,yes,반팔+우산
2.4,42,1.1,yes,코트+우산
-2.5,58,3.5,yes,코트+우산
18.9,92,4.3,yes,가디건+우산
6.4,89,5.2,yes,코트+우산
33.6,32,5.9,yes,반팔+우산
25.1,100,4.5,no,긴팔
31.3,84,3.3,yes,반팔+우산
16.1,32,3.7,no,가디건
3.7,80,2.8,yes,코트+우산
2.9,96,3.3,yes,코트+우산
2.2,83,4.7,yes,코트+우산
33.9,57,5.3,yes,반팔+우산
1.7,94,6.2,yes,코트+우산
22.1,77,2.5,yes,긴팔+우산
-1.2,33,6.8,yes,코트+우산
9.3,100,1.8,yes,코트+우산
-0.7,78,0.6,no,코트
5.0,51,7.6,no,코트
25.4,57,5.0,no,긴팔
-0.9,77,0.5,no,코트
29.3,35,2.5,yes,반팔+우산
23.7,83,1.0,yes,긴팔+우산
16.0,93,4.3,no,가디건
13.9,72,9.7,yes,가디건+우산
2.3,41,3.4,no,코트
25.4,48,6.2,no,긴팔
30.0,56,5.5,yes,반팔+우산
24.6,39,2.4,yes,긴팔+우산
9.6,82,8.0,no,코트
17.3,71,7.9,yes,가디건+우산
19.1,74,9.7,yes,가디건+우산
34.1,53,6.5,no,반팔
-2.4,63,4.4,yes,코트+우산
9.1,50,2.5,yes,코트+우산
33.0,87,6.6,yes,반팔+우산
27.5,87,5.8,no,반팔
10.4,98,4.1,yes,코트+우산
22.8,76,4.4,no,긴팔
1.6,98,5.2,no,코트
14.1,77,8.6,yes,가디건+우산
12.9,83,7.3,yes,코트+우산
-0.1,55,7.6,no,코트
21.2,57,1.8,no,긴팔
28.5,94,6.8,yes,반팔+우산
4.7,75,0.9,yes,코트+우산
16.5,33,1.3,yes,가디건+우산
-2.7,43,6.3,yes,코트+우산
27.7,71,4.3,yes,반팔+우산
24.7,41,7.0,no,긴팔
15.1,41,4.2,yes,가디건+우산
10.3,40,7.6,no,코트
14.3,75,7.7,no,가디건
-0.2,65,9.0,no,코트
31.5,89,3.1,yes,반팔+우산
29.9,79,0.9,yes,반팔+우산
21.5,31,1.7,yes,긴팔+우산
12.8,71,7.0,no,코트
-2.2,61,5.4,yes,코트+우산
1.4,79,6.5,no,코트
9.0,46,0.8,yes,코트+우산
34.1,70,7.2,yes,반팔+우산
16.2,94,6.4,no,가디건
9.5,66,8.5,yes,코트+우산
30.6,32,9.9,no,반팔
5.6,72,3.3,no,코트
34.7,33,6.1,no,반팔
15.2,99,8.2,no,가디건
26.3,37,7.7,yes,긴팔+우산
3.7,97,7.1,yes,코트+우산
-0.5,94,9.1,no,코트
24.2,80,3.0,yes,긴팔+우산
8.1,77,9.4,no,코트
-0.7,86,6.3,yes,코트+우산
0.5,32,3.3,yes,코트+우산
17.4,91,7.1,no,가디건
16.9,32,9.7,no,가디건
16.2,43,3.4,yes,가디건+우산
31.5,100,9.1,yes,반팔+우산
13.9,30,2.7,no,가디건
23.8,64,2.2,yes,긴팔+우산
28.1,69,3.5,no,반팔
13.2,57,5.9,no,가디건
9.1,80,8.8,no,코트
25.4,58,4.1,yes,긴팔+우산
25.6,85,6.4,no,긴팔
24.0,69,10.0,yes,긴팔+우산
3.8,67,1.0,no,코트
7.4,94,9.5,no,코트
12.7,81,8.9,yes,코트+우산
20.9,98,8.5,yes,긴팔+우산
-1.4,31,8.6,no,코트
9.8,69,4.5,yes,코트+우산
19.3,32,4.3,no,가디건
11.1,61,2.2,yes,코트+우산
27.0,60,6.6,yes,반팔+우산
11.6,57,6.4,no,코트
30.0,53,2.4,no,반팔
18.3,45,8.6,yes,가디건+우산
18.5,59,4.4,yes,가디건+우산
23.6,45,6.6,yes,긴팔+우산
11.1,79,2.3,yes,코트+우산
-1.5,58,3.7,yes,코트+우산
30.0,30,7.7,no,반팔
25.8,86,6.1,no,긴팔
25.1,86,7.1,no,긴팔
8.9,100,4.2,no,코트
8.1,42,9.4,no,코트
19.9,65,9.0,yes,가디건+우산
30.6,41,6.8,no,반팔
33.2,71,2.6,no,반팔
26.6,93,4.0,yes,긴팔+우산
7.9,33,4.9,no,코트
21.4,35,6.7,yes,긴팔+우산
19.6,80,9.6,no,가디건
2.2,73,6.3,yes,코트+우산
26.5,76,5.2,no,긴팔
25.7,91,7.1,yes,긴팔+우산
21.7,44,8.1,no,긴팔
19.2,37,4.4,yes,가디건+우산
22.5,90,7.0,no,긴팔
32.7,76,8.9,no,반팔
34.1,56,4.2,yes,반팔+우산
0.2,33,2.7,yes,코트+우산
1.3,70,9.2,yes,코트+우산
26.6,77,4.9,yes,긴팔+우산
21.0,39,0.6,no,긴팔
33.8,89,7.2,no,반팔
12.5,42,0.7,yes,코트+우산
18.2,77,3.7,yes,가디건+우산
31.1,99,1.8,yes,반팔+우산
-2.8,75,5.2,yes,코트+우산
12.2,31,9.9,yes,코트+우산
11.9,32,2.7,no,코트
17.5,30,5.6,yes,가디건+우산
22.1,36,3.3,no,긴팔
27.3,33,3.3,yes,반팔+우산
10.3,80,3.4,no,코트
24.8,93,9.5,no,긴팔
18.0,71,4.5,no,가디건
6.1,93,9.8,no,코트
18.0,47,7.4,no,가디건
18.2,93,5.1,no,가디건
29.4,57,9.6,yes,반팔+우산
12.0,95,0.6,no,코트
19.7,41,8.6,yes,가디건+우산
7.8,63,1.2,yes,코트+우산
20.3,53,1.1,yes,긴팔+우산
12.8,60,3.4,yes,코트+우산
6.9,33,4.2,no,코트
7.4,91,9.7,yes,코트+우산
34.1,97,7.0,yes,반팔+우산
-1.5,80,1.3,no,코트
14.6,44,8.4,yes,가디건+우산
0.0,42,5.0,no,코트
11.8,55,6.1,no,코트
26.0,78,2.8,yes,긴팔+우산
13.2,99,3.8,yes,가디건+우산
32.8,80,1.5,yes,반팔+우산
6.5,67,7.7,no,코트
-4.4,57,3.3,yes,코트+우산
-4.5,76,4.3,no,코트
23.1,67,4.8,no,긴팔
24.3,100,0.6,yes,긴팔+우산
29.5,78,0.8,yes,반팔+우산
34.6,51,7.2,no,반팔
14.8,78,3.0,no,가디건
0.4,67,2.8,no,코트
2.8,62,4.1,yes,코트+우산
20.7,60,3.9,yes,긴팔+우산
9.0,67,8.0,yes,코트+우산
18.7,85,0.7,yes,가디건+우산
12.3,53,8.3,no,코트
-3.6,43,7.0,yes,코트+우산
9.3,41,4.5,yes,코트+우산
29.9,52,3.7,no,반팔
31.0,30,1.2,yes,반팔+우산
17.7,81,6.0,yes,가디건+우산
29.1,72,3.5,yes,반팔+우산
-2.3,41,5.6,no,코트
33.5,85,6.0,yes,반팔+우산
12.5,56,8.7,no,코트
2.9,69,1.4,no,코트
12.5,92,6.6,yes,코트+우산
24.6,62,8.5,yes,긴팔+우산
28.5,84,6.8,no,반팔
24.4,54,2.7,yes,긴팔+우산
-4.2,73,2.6,yes,코트+우산
12.9,89,4.8,yes,코트+우산
10.5,35,3.7,yes,코트+우산
29.7,45,5.5,yes,반팔+우산
-2.2,77,2.2,yes,코트+우산
2.8,56,5.2,no,코트
17.0,74,1.3,no,가디건
29.1,87,7.8,yes,반팔+우산
19.1,84,4.1,yes,가디건+우산
-2.0,56,3.5,no,코트
33.8,96,8.7,no,반팔
27.5,99,2.8,yes,반팔+우산
9.9,90,1.0,no,코트
12.8,69,1.9,yes,코트+우산
3.7,46,6.1,no,코트
20.3,62,6.0,no,긴팔
9.8,59,5.1,yes,코트+우산
21.7,34,2.0,no,긴팔
8.8,68,9.8,no,코트
34.7,51,2.8,no,반팔
9.4,97,9.8,no,코트
4.1,35,4.6,no,코트
15.4,51,6.5,yes,가디건+우산
17.2,37,3.0,no,가디건
14.0,57,5.3,yes,가디건+우산
2.0,68,5.5,yes,코트+우산
18.9,46,3.2,no,가디건
31.1,89,7.3,no,반팔
21.6,77,4.7,yes,긴팔+우산
23.9,62,2.6,no,긴팔
-1.4,73,1.1,no,코트
19.9,80,4.1,no,가디건
7.8,92,2.3,yes,코트+우산
13.6,43,2.5,yes,가디건+우산
33.2,39,4.1,yes,반팔+우산
33.9,52,0.8,yes,반팔+우산
-0.2,30,9.2,yes,코트+우산
33.2,94,8.5,yes,반팔+우산
10.8,53,7.5,yes,코트+우산
30.5,81,4.7,yes,반팔+우산
-1.7,93,4.3,yes,코트+우산
-3.7,55,0.5,no,코트
-0.3,48,6.9,no,코트
26.3,64,2.0,yes,긴팔+우산
2.9,52,6.0,yes,코트+우산
0.9,89,7.8,no,코트
12.8,66,0.9,no,코트
22.1,97,2.5,yes,긴팔+우산
18.5,38,9.6,yes,가디건+우산
26.6,50,3.3,yes,긴팔+우산
32.0,31,5.1,yes,반팔+우산
28.3,58,6.5,yes,반팔+우산
-0.4,58,8.8,yes,코트+우산
22.0,87,4.7,no,긴팔
24.9,46,3.8,yes,긴팔+우산
21.6,36,4.0,no,긴팔
3.3,30,0.5,yes,코트+우산
25.5,42,9.6,no,긴팔
26.2,83,2.3,no,긴팔
21.4,49,2.0,no,긴팔
-0.8,92,6.0,yes,코트+우산
6.9,75,6.6,no,코트
9.4,66,8.9,yes,코트+우산
22.0,51,4.9,no,긴팔
20.5,59,1.1,yes,긴팔+우산
12.2,39,4.4,no,코트
-0.1,67,4.6,no,코트
5.7,39,1.6,yes,코트+우산
14.5,44,0.7,no,가디건
14.2,54,3.8,yes,가디건+우산
20.9,59,4.2,no,긴팔
29.2,38,2.3,no,반팔
14.5,72,1.3,no,가디건
-1.1,71,3.5,yes,코트+우산
8.0,39,2.1,yes,코트+우산
16.4,85,5.8,yes,가디건+우산
6.0,80,7.4,yes,코트+우산
33.2,54,4.2,yes,반팔+우산
31.1,82,6.3,yes,반팔+우산
17.6,45,9.9,no,가디건
8.8,85,1.6,no,코트
7.5,94,0.6,no,코트
25.3,80,0.6,no,긴팔
17.6,41,5.6,yes,가디건+우산
4.7,45,0.5,no,코트
1.3,56,1.5,no,코트
23.2,67,5.6,yes,긴팔+우산
22.5,99,9.7,yes,긴팔+우산
32.7,93,7.1,no,반팔
2.5,66,5.3,no,코트
12.1,36,5.5,no,코트
29.3,57,1.3,yes,반팔+우산
23.9,75,9.8,yes,긴팔+우산
11.6,65,8.5,yes,코트+우산
16.3,49,3.9,yes,가디건+우산
16.2,59,6.3,yes,가디건+우산
5.4,64,5.5,yes,코트+우산
13.7,75,4.3,no,가디건
0.0,99,3.8,no,코트
15.3,38,2.9,no,가디건
31.3,99,8.5,yes,반팔+우산
6.9,57,4.2,no,코트
26.5,100,6.3,yes,긴팔+우산
8.7,86,5.9,no,코트
29.3,100,1.8,yes,반팔+우산
8.4,52,6.4,yes,코트+우산
-2.2,73,6.5,yes,코트+우산
3.9,85,0.8,no,코트
6.9,56,3.8,no,코트
7.8,39,4.5,no,코트
7.4,93,3.8,no,코트
-3.6,37,7.9,no,코트
29.5,37,4.9,no,반팔
31.2,56,8.7,no,반팔
1.6,100,3.9,yes,코트+우산
10.3,92,5.4,no,코트
31.1,86,9.8,no,반팔
17.2,33,7.5,yes,가디건+우산
3.7,52,1.4,yes,코트+우산
33.0,41,3.5,yes,반팔+우산
27.5,93,0.7,no,반팔
22.3,37,8.3,yes,긴팔+우산
2.3,79,3.1,yes,코트+우산
22.5,99,9.6,no,긴팔
30.9,73,5.1,yes,반팔+우산
18.3,84,3.9,no,가디건
29.4,77,5.9,yes,반팔+우산
-0.4,31,3.7,no,코트
32.7,67,6.0,no,반팔
14.3,100,3.8,no,가디건
2.6,75,7.6,no,코트
23.7,79,0.9,yes,긴팔+우산
16.2,33,2.7,yes,가디건+우산
14.3,45,9.1,no,가디건
25.5,30,4.1,no,긴팔
28.9,72,2.9,yes,반팔+우산
6.2,66,9.0,yes,코트+우산
7.0,52,6.8,no,코트
20.8,37,3.4,no,긴팔
30.5,31,9.1,yes,반팔+우산
10.4,52,9.2,no,코트
16.9,71,2.8,no,가디건
21.8,83,3.0,yes,긴팔+우산
5.0,79,2.8,no,코트
4.6,40,1.9,yes,코트+우산
30.5,53,9.0,no,반팔
29.8,91,7.9,no,반팔
34.3,82,3.6,no,반팔
-3.4,46,2.9,yes,코트+우산
8.7,86,6.2,yes,코트+우산
4.9,75,4.9,no,코트
23.0,62,6.7,no,긴팔
1.2,73,7.3,no,코트
12.9,67,4.1,yes,코트+우산
32.9,83,3.6,no,반팔
11.6,54,4.1,yes,코트+우산
28.9,100,6.7,yes,반팔+우산
7.5,58,0.8,yes,코트+우산
3.0,66,1.3,yes,코트+우산
30.3,43,1.7,yes,반팔+우산
22.8,86,6.1,no,긴팔
4.6,63,3.8,no,코트
8.9,87,8.3,yes,코트+우산
10.8,45,5.4,no,코트
14.5,83,9.7,yes,가디건+우산
17.6,85,7.0,no,가디건
33.5,43,3.6,yes,반팔+우산
-4.9,48,1.8,no,코트
27.7,90,7.7,no,반팔
22.9,38,7.8,no,긴팔
10.8,99,1.6,no,코트
23.1,74,8.6,yes,긴팔+우산
1.1,78,9.5,no,코트
15.1,37,0.6,yes,가디건+우산
32.0,34,8.6,no,반팔
9.5,65,1.2,no,코트
33.1,38,6.7,yes,반팔+우산
-2.8,40,2.8,no,코트
4.1,41,6.9,yes,코트+우산
0.1,97,10.0,no,코트
29.4,62,7.3,yes,반팔+우산
-1.0,54,3.2,no,코트
34.9,65,6.1,no,반팔
9.1,100,7.9,no,코트
23.4,92,3.0,yes,긴팔+우산
-0.9,99,6.7,yes,코트+우산
0.9,76,4.7,yes,코트+우산
-1.2,34,9.0,yes,코트+우산
5.9,100,7.3,yes,코트+우산
26.5,62,6.6,no,긴팔
31.1,80,3.3,no,반팔
-0.4,75,3.6,no,코트
29.5,77,6.3,no,반팔
5.2,83,2.4,yes,코트+우산
21.2,47,5.6,yes,긴팔+우산
-2.9,62,1.5,no,코트
-4.6,42,1.1,yes,코트+우산
2.2,83,9.7,no,코트
26.4,91,4.6,no,긴팔
23.3,39,7.9,yes,긴팔+우산
15.1,96,3.1,no,가디건
12.9,31,4.4,no,코트
13.4,84,6.5,yes,가디건+우산
7.6,58,9.5,no,코트
24.5,42,3.1,yes,긴팔+우산
1.7,94,8.7,yes,코트+우산
-4.9,52,4.3,yes,코트+우산
17.0,83,9.1,yes,가디건+우산
30.6,66,6.3,no,반팔
30.8,57,1.6,no,반팔
25.4,46,7.9,yes,긴팔+우산
28.8,91,6.9,no,반팔
5.8,31,8.7,yes,코트+우산
-4.1,91,8.5,yes,코트+우산
-1.7,65,0.8,yes,코트+우산
21.5,85,2.8,no,긴팔
13.3,32,1.3,no,가디건
30.5,30,2.1,yes,반팔+우산
19.8,63,8.5,no,가디건
31.0,46,8.6,yes,반팔+우산
25.2,83,5.4,no,긴팔
25.0,98,3.0,no,긴팔
-4.0,65,4.9,no,코트
28.7,88,0.6,no,반팔
6.8,43,9.0,yes,코트+우산
26.6,61,4.7,no,긴팔
27.5,76,0.9,yes,반팔+우산
3.3,80,7.2,no,코트
1.6,93,8.9,no,코트
-4.5,91,9.9,yes,코트+우산
17.2,71,1.2,no,가디건
29.5,54,4.4,yes,반팔+우산
2.6,88,9.4,no,코트
-3.4,57,6.7,no,코트
12.9,63,5.6,no,코트
13.4,36,2.1,no,가디건
26.0,95,8.2,no,긴팔
32.7,66,2.2,yes,반팔+우산
30.1,40,3.3,yes,반팔+우산
5.9,88,9.6,no,코트
9.8,68,2.9,no,코트
23.7,94,3.1,yes,긴팔+우산
-0.2,75,3.6,no,코트
21.5,83,6.8,yes,긴팔+우산
-4.7,36,7.4,yes,코트+우산
9.0,48,7.7,no,코트
-3.6,61,2.3,no,코트
3.9,92,9.9,yes,코트+우산
31.5,91,7.3,yes,반팔+우산
31.0,90,4.7,yes,반팔+우산
32.5,82,2.0,no,반팔
12.9,86,0.7,no,코트
18.3,71,7.2,no,가디건
2.8,51,2.5,no,코트
24.1,39,7.2,no,긴팔
19.7,51,6.3,yes,가디건+우산
19.4,42,9.0,yes,가디건+우산
6.5,33,1.1,yes,코트+우산
18.0,88,4.8,no,가디건
16.0,43,4.5,no,가디건
4.1,93,8.5,no,코트
0.8,74,5.6,yes,코트+우산
0.6,75,0.9,no,코트
26.1,47,5.9,yes,긴팔+우산
34.3,38,3.0,yes,반팔+우산
33.7,52,7.5,no,반팔
5.9,54,6.4,no,코트
0.4,62,7.5,yes,코트+우산
-0.8,70,5.4,yes,코트+우산
34.9,45,9.2,yes,반팔+우산
34.6,97,8.7,yes,반팔+우산
34.6,74,5.1,yes,반팔+우산
15.1,34,4.0,no,가디건
4.7,88,8.4,yes,코트+우산
21.1,81,5.7,yes,긴팔+우산
-2.1,34,4.3,no,코트
25.0,94,1.7,no,긴팔
1.6,58,7.7,yes,코트+우산
17.7,91,3.3,no,가디건
23.5,30,4.1,no,긴팔
16.1,38,6.9,no,가디건
15.9,51,9.6,yes,가디건+우산
-2.0,66,0.8,no,코트
25.1,95,6.7,yes,긴팔+우산
25.0,44,1.5,yes,긴팔+우산
2.0,53,1.7,yes,코트+우산
23.4,92,2.7,no,긴팔
31.5,34,5.3,yes,반팔+우산
31.1,57,5.5,no,반팔
7.4,56,9.1,no,코트
19.1,69,1.1,no,가디건
29.6,31,6.7,yes,반팔+우산
9.4,79,8.7,yes,코트+우산
0.0,71,5.5,yes,코트+우산
27.3,96,1.7,no,반팔
8.0,73,6.3,yes,코트+우산
13.4,51,9.2,no,가디건
5.0,69,7.7,yes,코트+우산
4.2,99,9.3,no,코트
1.6,95,2.3,yes,코트+우산
-1.5,52,3.8,yes,코트+우산
30.5,51,5.2,yes,반팔+우산
31.3,35,9.3,no,반팔
12.5,98,0.5,no,코트
22.2,64,1.8,no,긴팔
0.1,83,4.3,yes,코트+우산
11.1,96,2.9,yes,코트+우산
30.9,69,0.6,yes,반팔+우산
28.9,64,9.8,yes,반팔+우산
31.0,42,4.2,yes,반팔+우산
8.6,72,5.0,yes,코트+우산
32.4,89,3.5,no,반팔
7.8,54,3.4,yes,코트+우산
12.5,66,7.7,no,코트
23.2,57,7.5,yes,긴팔+우산
-4.2,86,9.8,no,코트
2.0,56,6.3,yes,코트+우산
20.9,56,3.3,yes,긴팔+우산
26.8,86,6.6,yes,긴팔+우산
23.8,58,3.8,no,긴팔
6.2,97,1.4,yes,코트+우산
16.4,80,2.2,no,가디건
-2.0,30,0.8,no,코트
-0.4,54,8.1,yes,코트+우산
-0.1,62,4.1,no,코트
30.9,72,2.2,yes,반팔+우산
5.4,81,4.7,no,코트
34.4,51,6.0,yes,반팔+우산
33.3,76,6.2,yes,반팔+우산
23.4,73,1.4,no,긴팔
31.1,51,2.1,no,반팔
32.0,52,8.8,no,반팔
8.2,90,6.5,no,코트
11.0,47,2.8,yes,코트+우산
-3.1,32,8.2,no,코트
25.0,89,5.8,no,긴팔
13.2,75,6.5,yes,가디건+우산
34.7,80,7.3,no,반팔
23.6,100,9.2,yes,긴팔+우산
27.7,97,4.2,yes,반팔+우산
1.5,42,8.6,no,코트
32.0,68,8.5,yes,반팔+우산
20.4,98,9.7,yes,긴팔+우산
0.0,97,6.0,yes,코트+우산
0.5,74,6.1,yes,코트+우산
34.0,46,2.6,yes,반팔+우산
5.3,61,9.1,yes,코트+우산
-3.1,99,5.2,yes,코트+우산
33.5,41,6.5,no,반팔
15.6,76,2.6,no,가디건
20.6,52,0.7,no,긴팔
29.8,77,8.2,no,반팔
9.9,74,1.4,yes,코트+우산
11.5,66,8.5,no,코트
23.0,75,6.6,yes,긴팔+우산
25.7,78,1.2,yes,긴팔+우산
24.3,91,6.9,yes,긴팔+우산
-0.5,56,1.2,no,코트
23.5,61,9.8,yes,긴팔+우산
11.3,57,7.4,yes,코트+우산
14.8,90,6.9,no,가디건
-0.3,86,1.2,no,코트
21.1,35,1.1,yes,긴팔+우산
30.5,97,9.9,no,반팔
0.3,66,9.0,no,코트
-3.1,72,5.6,yes,코트+우산
4.9,74,6.4,yes,코트+우산
-0.0,80,6.8,no,코트
26.6,42,8.8,yes,긴팔+우산
27.8,75,4.2,yes,반팔+우산
21.0,72,4.4,yes,긴팔+우산
22.6,86,3.2,yes,긴팔+우산
2.9,86,0.7,yes,코트+우산
19.6,44,9.7,yes,가디건+우산
16.2,38,1.2,yes,가디건+우산
6.2,62,4.9,yes,코트+우산
-4.8,72,6.6,no,코트
-4.8,64,3.1,no,코트
17.7,66,3.6,yes,가디건+우산
32.5,78,1.6,no,반팔
3.8,55,1.0,yes,코트+우산
28.2,86,9.8,yes,반팔+우산
14.5,41,0.6,no,가디건
16.8,92,8.0,yes,가디건+우산
26.2,52,2.3,no,긴팔
-1.7,83,5.1,yes,코트+우산
1.1,43,9.2,no,코트
13.3,96,4.6,yes,가디건+우산
-0.2,62,7.7,no,코트
-0.2,72,4.8,no,코트
32.9,66,7.3,yes,반팔+우산
-0.2,91,4.9,no,코트
21.4,34,5.9,yes,긴팔+우산
23.9,53,7.6,yes,긴팔+우산
3.3,67,2.4,yes,코트+우산
21.4,84,3.1,no,긴팔
22.6,45,2.7,yes,긴팔+우산
28.4,37,8.1,no,반팔
25.6,39,3.7,no,긴팔
18.6,60,3.9,yes,가디건+우산
28.8,30,2.6,no,반팔
13.2,43,4.3,yes,가디건+우산
6.2,99,1.2,no,코트
-1.0,61,9.2,no,코트
10.0,66,2.6,yes,코트+우산
9.2,31,3.7,no,코트
13.9,92,0.8,no,가디건
11.5,44,5.5,yes,코트+우산
19.1,94,3.5,yes,가디건+우산
32.6,89,2.8,no,반팔
7.0,70,2.1,yes,코트+우산
4.1,98,2.8,no,코트
9.6,74,2.3,no,코트
-4.4,58,9.4,yes,코트+우산
20.7,64,8.0,yes,긴팔+우산
26.0,36,9.6,yes,긴팔+우산
6.8,45,3.2,no,코트
5.8,47,8.4,yes,코트+우산
17.5,96,8.4,yes,가디건+우산
7.8,33,8.4,yes,코트+우산
-3.0,91,9.3,yes,코트+우산
16.5,83,2.6,no,가디건
-4.0,46,2.4,yes,코트+우산
7.0,47,9.6,yes,코트+우산
16.1,82,4.1,yes,가디건+우산
29.8,40,8.8,no,반팔
15.5,66,2.5,yes,가디건+우산
14.6,76,5.0,no,가디건
7.8,55,9.7,no,코트
3.0,45,4.8,yes,코트+우산
0.9,86,7.9,no,코트
7.6,39,1.0,yes,코트+우산
27.2,83,4.2,yes,반팔+우산
0.6,39,7.2,no,코트
14.2,94,9.2,no,가디건
21.2,91,0.6,yes,긴팔+우산
1.0,49,5.5,yes,코트+우산
29.6,82,3.2,yes,반팔+우산
34.2,77,7.4,no,반팔
25.6,41,9.5,yes,긴팔+우산
22.7,87,6.9,no,긴팔
25.1,91,9.3,no,긴팔
30.4,97,9.8,yes,반팔+우산
33.8,64,2.4,yes,반팔+우산
-1.6,56,7.6,yes,코트+우산
27.3,61,3.8,yes,반팔+우산
30.7,76,5.0,yes,반팔+우산
12.2,76,3.0,no,코트
17.9,60,7.2,yes,가디건+우산
29.4,32,6.7,no,반팔
0.0,94,4.8,yes,코트+우산
33.3,63,4.2,yes,반팔+우산
3.1,66,7.9,yes,코트+우산
9.0,56,1.6,yes,코트+우산
11.5,36,10.0,yes,코트+우산
30.8,97,9.7,yes,반팔+우산
12.4,90,3.0,yes,코트+우산
3.1,82,4.3,yes,코트+우산
33.8,86,9.4,no,반팔
20.5,81,3.3,no,긴팔
3.9,68,6.8,yes,코트+우산
12.4,64,7.5,yes,코트+우산
18.1,87,3.4,yes,가디건+우산
26.4,90,2.0,yes,긴팔+우산
