customer_id,age,gender,tenure_months,monthly_charges,contract_type,payment_method,internet_service,churn
1,50,남성,5,84.83,월별 계약,계좌 이체,500M,1
2,43,남성,0,27.41,1년 계약,카드,없음,0
3,52,여성,2,57.55,월별 계약,카드,1G,0
4,63,여성,9,100.38,1년 계약,카드,500M,0
5,42,남성,38,63.35,월별 계약,계좌 이체,100M,0
6,42,여성,20,119.72,2년 계약,계좌 이체,100M,0
7,63,남성,17,75.91,월별 계약,계좌 이체,100M,0
8,54,여성,8,52.12,월별 계약,카드,1G,1
9,39,여성,64,42.01,2년 계약,카드,1G,1
10,51,여성,12,55.05,월별 계약,카드,1G,1
11,39,여성,2,57.25,1년 계약,계좌 이체,100M,0
12,39,여성,23,26.87,1년 계약,카드,없음,0
13,47,남성,2,56.96,2년 계약,카드,1G,0
14,22,여성,10,66.42,2년 계약,계좌 이체,100M,0
15,24,남성,16,92.27,2년 계약,계좌 이체,100M,0
16,38,여성,49,85.67,월별 계약,계좌 이체,100M,1
17,32,여성,16,90.88,2년 계약,계좌 이체,500M,1
18,48,여성,29,20.84,1년 계약,카드,500M,0
19,34,남성,72,41.77,1년 계약,계좌 이체,500M,0
20,28,여성,3,86.17,월별 계약,계좌 이체,100M,0
21,62,여성,7,68.4,1년 계약,카드,1G,0
22,42,여성,12,20.53,2년 계약,계좌 이체,100M,0
23,45,남성,13,100.45,2년 계약,계좌 이체,100M,0
24,27,남성,12,97.28,월별 계약,계좌 이체,500M,1
25,38,남성,57,74.84,월별 계약,계좌 이체,500M,0
26,46,남성,30,26.65,월별 계약,카드,1G,1
27,31,여성,22,96.65,2년 계약,계좌 이체,100M,0
28,49,남성,8,78.37,1년 계약,카드,500M,0
29,37,여성,41,98.2,월별 계약,카드,500M,0
30,41,남성,72,95.17,월별 계약,계좌 이체,100M,0
31,37,남성,41,100.3,월별 계약,카드,1G,0
32,67,여성,0,71.8,월별 계약,계좌 이체,100M,1
33,44,여성,24,34.03,2년 계약,계좌 이체,100M,0
34,32,여성,1,87.12,1년 계약,카드,없음,1
35,54,여성,7,82.05,월별 계약,카드,없음,1
36,30,여성,1,94.23,월별 계약,카드,1G,1
37,47,남성,22,36.99,월별 계약,계좌 이체,500M,1
38,21,여성,27,39.5,2년 계약,계좌 이체,100M,1
39,29,여성,2,109.04,월별 계약,카드,1G,1
40,47,여성,11,95.0,월별 계약,계좌 이체,500M,0
41,53,남성,14,110.82,월별 계약,계좌 이체,100M,1
42,47,여성,11,95.87,1년 계약,계좌 이체,500M,0
43,43,남성,3,79.72,1년 계약,계좌 이체,100M,0
44,41,남성,13,85.41,1년 계약,카드,없음,0
45,27,남성,33,108.91,월별 계약,계좌 이체,100M,1
46,36,남성,1,77.88,월별 계약,카드,1G,1
47,39,여성,2,83.24,월별 계약,계좌 이체,500M,0
48,57,여성,10,35.65,1년 계약,카드,500M,0
49,49,여성,68,67.39,월별 계약,카드,500M,1
50,23,남성,26,91.64,1년 계약,계좌 이체,100M,0
51,48,남성,27,47.09,2년 계약,카드,없음,0
52,40,남성,10,40.23,2년 계약,카드,1G,0
53,36,여성,21,51.38,월별 계약,카드,없음,1
54,52,남성,0,44.15,월별 계약,카드,1G,0
55,57,여성,24,41.49,월별 계약,카드,500M,1
56,56,여성,58,62.49,1년 계약,카드,없음,0
57,34,남성,22,110.78,2년 계약,계좌 이체,100M,1
58,41,여성,49,70.71,월별 계약,계좌 이체,100M,0
59,48,여성,30,38.79,월별 계약,계좌 이체,100M,1
60,56,여성,3,27.7,2년 계약,계좌 이체,500M,0
61,39,여성,55,89.62,2년 계약,계좌 이체,500M,0
62,42,남성,1,58.28,월별 계약,계좌 이체,100M,0
63,31,남성,18,102.18,1년 계약,카드,1G,0
64,30,여성,3,85.95,월별 계약,계좌 이체,500M,1
65,54,여성,0,99.62,월별 계약,계좌 이체,100M,1
66,61,남성,13,47.19,2년 계약,카드,500M,0
67,44,여성,8,89.24,2년 계약,계좌 이체,100M,0
68,57,여성,15,46.41,1년 계약,카드,1G,0
69,49,여성,20,113.91,월별 계약,계좌 이체,100M,1
70,37,남성,1,83.64,2년 계약,카드,없음,0
71,49,여성,3,52.45,월별 계약,카드,1G,0
72,63,여성,19,46.95,월별 계약,계좌 이체,100M,1
73,44,남성,10,39.09,월별 계약,계좌 이체,100M,1
74,63,남성,31,89.46,월별 계약,카드,1G,0
75,18,여성,25,41.87,1년 계약,카드,1G,0
76,54,남성,44,79.53,1년 계약,카드,1G,0
77,46,여성,28,46.46,월별 계약,카드,1G,0
78,41,여성,13,86.2,월별 계약,계좌 이체,100M,0
79,46,남성,26,101.49,월별 계약,계좌 이체,500M,1
80,21,여성,7,97.8,월별 계약,계좌 이체,100M,1
81,42,남성,8,96.09,1년 계약,카드,1G,0
82,49,여성,37,38.77,2년 계약,카드,1G,1
83,62,남성,14,28.84,월별 계약,계좌 이체,500M,1
84,38,여성,38,89.89,월별 계약,계좌 이체,100M,0
85,35,남성,41,56.83,1년 계약,계좌 이체,500M,0
86,38,남성,46,63.23,2년 계약,계좌 이체,500M,0
87,55,여성,59,23.11,월별 계약,카드,1G,1
88,48,남성,13,45.96,월별 계약,카드,1G,0
89,38,여성,9,23.37,1년 계약,카드,1G,1
90,51,남성,20,107.92,월별 계약,계좌 이체,500M,1
91,46,여성,11,44.34,월별 계약,계좌 이체,100M,1
92,56,남성,22,75.73,1년 계약,카드,1G,1
93,36,여성,29,23.9,1년 계약,카드,1G,0
94,41,남성,27,86.68,1년 계약,카드,500M,0
95,40,남성,11,52.3,1년 계약,카드,1G,0
96,27,남성,4,109.79,1년 계약,계좌 이체,500M,0
97,48,남성,13,108.81,월별 계약,카드,500M,0
98,48,여성,3,52.53,월별 계약,계좌 이체,500M,1
99,45,남성,52,110.1,월별 계약,계좌 이체,100M,1
100,42,여성,10,119.62,월별 계약,계좌 이체,100M,1
101,28,남성,4,102.54,1년 계약,계좌 이체,100M,1
102,39,남성,0,104.49,2년 계약,카드,1G,0
103,40,여성,24,44.9,2년 계약,계좌 이체,500M,0
104,35,여성,24,77.67,1년 계약,카드,500M,1
105,43,남성,9,26.73,월별 계약,카드,없음,0
106,49,남성,1,29.49,월별 계약,계좌 이체,100M,1
107,67,남성,12,119.89,2년 계약,계좌 이체,500M,0
108,47,여성,8,52.66,1년 계약,카드,1G,0
109,48,여성,27,94.82,1년 계약,계좌 이체,100M,0
110,44,남성,22,100.67,1년 계약,계좌 이체,100M,0
111,21,여성,10,105.8,1년 계약,계좌 이체,100M,0
112,44,여성,5,119.76,2년 계약,계좌 이체,100M,1
113,45,여성,72,44.15,월별 계약,카드,없음,0
114,74,여성,14,24.04,1년 계약,카드,1G,0
115,42,남성,27,61.12,2년 계약,카드,1G,1
116,48,남성,3,33.01,월별 계약,카드,1G,1
117,44,남성,15,22.24,1년 계약,카드,1G,0
118,30,남성,0,56.04,월별 계약,계좌 이체,100M,1
119,58,여성,16,98.37,2년 계약,카드,1G,0
120,54,여성,72,76.62,월별 계약,카드,500M,1
121,54,남성,11,51.28,1년 계약,카드,1G,0
122,34,남성,0,85.43,월별 계약,카드,1G,1
123,61,남성,0,43.2,1년 계약,계좌 이체,500M,0
124,28,여성,11,21.44,월별 계약,계좌 이체,100M,1
125,52,남성,4,96.44,월별 계약,계좌 이체,100M,1
126,71,여성,0,82.37,월별 계약,계좌 이체,500M,1
127,33,남성,33,96.23,2년 계약,카드,1G,0
128,38,남성,14,23.89,월별 계약,카드,1G,0
129,46,여성,8,103.71,월별 계약,계좌 이체,100M,1
130,38,여성,55,81.95,1년 계약,카드,500M,0
131,26,남성,2,76.34,월별 계약,계좌 이체,500M,1
132,45,여성,72,82.46,2년 계약,계좌 이체,100M,1
133,32,여성,9,106.44,월별 계약,계좌 이체,100M,1
134,50,여성,52,78.69,1년 계약,계좌 이체,500M,0
135,33,남성,22,78.1,월별 계약,카드,없음,0
136,63,여성,42,119.07,월별 계약,계좌 이체,500M,1
137,35,여성,72,95.67,1년 계약,카드,500M,0
138,41,여성,8,64.23,1년 계약,카드,1G,0
139,54,남성,72,90.74,1년 계약,계좌 이체,500M,0
140,30,남성,11,58.92,월별 계약,카드,없음,1
141,47,남성,11,42.89,월별 계약,카드,없음,1
142,60,여성,9,79.69,월별 계약,계좌 이체,100M,1
143,25,남성,18,112.82,2년 계약,계좌 이체,500M,0
144,47,여성,4,112.91,월별 계약,계좌 이체,500M,1
145,48,여성,19,54.19,월별 계약,계좌 이체,100M,1
146,54,남성,18,72.77,월별 계약,계좌 이체,100M,0
147,30,여성,34,41.16,1년 계약,카드,1G,1
148,29,남성,43,119.56,월별 계약,카드,500M,0
149,51,여성,13,118.11,2년 계약,계좌 이체,100M,0
150,48,남성,8,84.95,월별 계약,계좌 이체,100M,0
151,48,여성,7,100.44,2년 계약,카드,없음,0
152,49,여성,5,91.51,월별 계약,계좌 이체,100M,1
153,36,여성,1,79.32,1년 계약,계좌 이체,100M,0
154,47,여성,10,25.33,2년 계약,계좌 이체,500M,0
155,48,여성,7,65.48,월별 계약,카드,없음,1
156,36,여성,72,87.48,2년 계약,계좌 이체,100M,0
157,67,여성,19,87.75,월별 계약,카드,1G,0
158,50,여성,10,57.31,2년 계약,카드,1G,0
159,30,남성,20,114.17,1년 계약,계좌 이체,100M,0
160,52,여성,3,36.74,월별 계약,카드,1G,1
161,33,여성,14,70.04,월별 계약,계좌 이체,500M,1
162,54,여성,23,89.09,월별 계약,카드,1G,1
163,58,남성,16,89.71,월별 계약,카드,1G,0
164,35,여성,12,84.86,월별 계약,카드,500M,1
165,56,남성,72,47.53,월별 계약,계좌 이체,100M,1
166,49,여성,50,35.62,월별 계약,카드,1G,0
167,54,남성,23,83.59,1년 계약,계좌 이체,500M,0
168,67,여성,20,79.93,월별 계약,계좌 이체,100M,1
169,42,여성,23,37.94,월별 계약,계좌 이체,100M,0
170,35,남성,5,90.51,1년 계약,카드,500M,0
171,34,여성,12,65.52,월별 계약,카드,1G,0
172,35,남성,0,86.78,월별 계약,계좌 이체,100M,1
173,44,여성,15,103.74,월별 계약,카드,500M,1
174,49,여성,18,36.97,2년 계약,계좌 이체,100M,0
175,48,여성,6,21.91,2년 계약,카드,1G,0
176,54,여성,72,97.91,월별 계약,계좌 이체,100M,1
177,45,여성,57,80.97,1년 계약,카드,1G,0
178,62,남성,30,89.96,월별 계약,계좌 이체,500M,1
179,41,남성,18,103.82,1년 계약,카드,없음,0
180,77,여성,48,100.28,1년 계약,계좌 이체,100M,0
181,52,여성,3,116.09,1년 계약,계좌 이체,500M,1
182,34,여성,37,73.59,월별 계약,계좌 이체,100M,1
183,32,여성,3,68.85,월별 계약,카드,없음,1
184,50,남성,37,60.19,월별 계약,카드,1G,1
185,42,여성,7,35.37,2년 계약,계좌 이체,100M,0
186,53,남성,50,77.26,1년 계약,카드,1G,0
187,50,여성,69,47.7,2년 계약,카드,1G,0
188,44,남성,3,112.13,2년 계약,카드,500M,0
189,34,남성,14,78.32,월별 계약,카드,500M,0
190,26,남성,72,79.28,1년 계약,계좌 이체,100M,0
191,39,남성,15,55.49,1년 계약,계좌 이체,100M,0
192,55,여성,47,25.2,2년 계약,카드,1G,0
193,47,남성,21,23.17,2년 계약,카드,없음,0
194,30,남성,11,62.33,1년 계약,카드,1G,1
195,47,남성,8,28.46,월별 계약,계좌 이체,500M,1
196,49,남성,5,80.68,1년 계약,계좌 이체,500M,1
197,34,남성,34,108.1,월별 계약,카드,1G,0
198,46,남성,11,108.29,1년 계약,카드,1G,0
199,45,여성,17,85.9,2년 계약,카드,1G,0
200,31,여성,16,41.12,월별 계약,카드,1G,0
201,49,여성,20,106.3,1년 계약,카드,1G,0
202,51,남성,48,108.61,월별 계약,계좌 이체,100M,1
203,57,남성,72,39.67,월별 계약,계좌 이체,100M,1
204,57,여성,12,93.74,월별 계약,카드,1G,0
205,28,여성,42,48.65,1년 계약,카드,1G,0
206,33,남성,34,100.26,2년 계약,계좌 이체,100M,0
207,51,남성,20,119.72,2년 계약,계좌 이체,100M,1
208,51,남성,72,23.0,월별 계약,카드,1G,0
209,51,남성,5,109.74,2년 계약,계좌 이체,100M,1
210,80,남성,2,82.26,1년 계약,계좌 이체,100M,0
211,51,여성,46,117.34,월별 계약,카드,500M,1
212,58,여성,13,66.5,월별 계약,카드,1G,1
213,56,여성,45,104.74,월별 계약,카드,1G,1
214,52,여성,53,26.24,2년 계약,계좌 이체,100M,0
215,41,여성,1,53.53,1년 계약,카드,1G,0
216,54,여성,51,26.7,1년 계약,계좌 이체,100M,0
217,35,여성,14,117.53,월별 계약,계좌 이체,500M,1
218,42,남성,17,101.7,1년 계약,카드,1G,0
219,39,남성,23,105.25,월별 계약,카드,1G,1
220,45,남성,62,113.8,월별 계약,카드,1G,1
221,72,여성,0,28.51,1년 계약,카드,1G,0
222,22,여성,15,58.56,월별 계약,카드,500M,0
223,53,남성,27,27.1,2년 계약,계좌 이체,100M,0
224,25,여성,30,41.08,월별 계약,계좌 이체,500M,1
225,39,남성,28,42.94,1년 계약,계좌 이체,100M,0
226,58,여성,3,66.91,월별 계약,계좌 이체,100M,1
227,45,남성,8,46.86,1년 계약,카드,없음,0
228,32,남성,10,30.1,월별 계약,계좌 이체,500M,1
229,36,여성,39,36.75,월별 계약,카드,1G,0
230,53,남성,7,34.73,2년 계약,카드,1G,1
231,36,남성,5,117.31,월별 계약,카드,1G,1
232,47,남성,72,95.93,2년 계약,카드,500M,0
233,45,여성,0,116.78,2년 계약,카드,500M,0
234,37,여성,72,63.97,월별 계약,계좌 이체,500M,1
235,70,남성,27,47.84,월별 계약,계좌 이체,100M,0
236,52,여성,42,99.83,1년 계약,카드,1G,0
237,20,여성,8,52.63,2년 계약,계좌 이체,100M,0
238,47,남성,0,49.94,2년 계약,계좌 이체,100M,0
239,37,남성,32,43.25,월별 계약,카드,1G,1
240,55,남성,43,32.97,1년 계약,계좌 이체,100M,0
241,35,남성,32,45.65,월별 계약,카드,없음,0
242,43,여성,3,55.53,2년 계약,카드,없음,0
243,51,남성,33,87.4,2년 계약,카드,없음,0
244,55,여성,35,26.26,월별 계약,계좌 이체,500M,0
245,30,여성,25,41.05,월별 계약,계좌 이체,100M,1
246,40,남성,34,100.9,월별 계약,카드,없음,1
247,39,여성,44,34.69,월별 계약,계좌 이체,500M,0
248,37,남성,22,54.26,2년 계약,카드,없음,0
249,66,여성,2,106.47,월별 계약,카드,없음,1
250,49,여성,16,35.49,월별 계약,카드,1G,0
251,29,여성,1,28.27,월별 계약,계좌 이체,100M,1
252,56,여성,12,68.45,2년 계약,계좌 이체,500M,0
253,70,남성,12,50.24,1년 계약,카드,1G,0
254,57,여성,1,76.34,월별 계약,계좌 이체,500M,0
255,26,여성,10,100.38,월별 계약,계좌 이체,100M,0
256,39,여성,2,33.71,2년 계약,카드,500M,0
257,60,여성,39,78.07,2년 계약,카드,없음,0
258,36,여성,70,70.55,월별 계약,카드,1G,0
259,50,남성,1,34.41,월별 계약,카드,500M,0
260,54,남성,72,82.4,월별 계약,계좌 이체,100M,0
261,33,여성,17,47.36,월별 계약,카드,1G,1
262,44,남성,8,68.78,1년 계약,카드,없음,1
263,18,여성,1,28.23,2년 계약,계좌 이체,100M,1
264,32,여성,16,65.96,월별 계약,카드,500M,0
265,41,남성,37,50.65,2년 계약,카드,1G,0
266,30,남성,29,102.24,월별 계약,카드,1G,1
267,64,여성,1,25.7,1년 계약,카드,1G,0
268,27,남성,1,61.86,1년 계약,카드,1G,0
269,39,여성,12,65.84,월별 계약,계좌 이체,500M,0
270,46,남성,8,92.5,월별 계약,계좌 이체,100M,1
271,62,여성,6,77.43,1년 계약,카드,1G,0
272,27,남성,7,86.72,월별 계약,카드,1G,0
273,58,여성,39,97.7,월별 계약,카드,1G,1
274,45,남성,63,106.22,월별 계약,카드,없음,1
275,33,여성,12,51.39,2년 계약,카드,500M,0
276,50,남성,56,73.8,월별 계약,카드,500M,0
277,47,여성,9,104.01,2년 계약,카드,1G,0
278,37,여성,15,118.95,월별 계약,카드,1G,1
279,45,남성,6,108.95,1년 계약,카드,1G,1
280,40,남성,24,57.15,1년 계약,카드,1G,0
281,46,남성,72,39.52,2년 계약,카드,1G,0
282,52,여성,22,68.94,월별 계약,계좌 이체,500M,0
283,64,여성,10,94.16,1년 계약,계좌 이체,500M,0
284,30,여성,25,69.26,1년 계약,계좌 이체,100M,1
285,70,남성,3,68.32,월별 계약,카드,500M,1
286,21,남성,52,103.82,월별 계약,계좌 이체,100M,1
287,43,여성,16,56.14,월별 계약,계좌 이체,500M,1
288,52,여성,14,105.98,월별 계약,카드,500M,1
289,48,여성,21,60.68,2년 계약,계좌 이체,100M,1
290,37,남성,23,52.82,월별 계약,카드,500M,1
291,42,여성,1,65.4,월별 계약,계좌 이체,100M,0
292,39,남성,27,96.24,1년 계약,계좌 이체,100M,0
293,37,남성,6,32.6,월별 계약,카드,1G,1
294,55,여성,30,39.64,월별 계약,계좌 이체,500M,0
295,49,여성,41,115.14,월별 계약,계좌 이체,100M,1
296,36,여성,39,37.55,2년 계약,카드,500M,0
297,55,남성,19,76.77,2년 계약,카드,1G,1
298,48,남성,17,77.93,2년 계약,계좌 이체,100M,0
299,54,여성,3,68.96,월별 계약,카드,1G,0
300,52,여성,35,84.47,1년 계약,계좌 이체,100M,0
301,35,남성,7,42.98,월별 계약,계좌 이체,100M,0
302,38,남성,16,75.27,월별 계약,카드,500M,0
303,53,남성,8,57.22,월별 계약,카드,500M,0
304,52,여성,3,86.17,1년 계약,카드,1G,0
305,44,남성,23,34.12,월별 계약,카드,1G,0
306,46,남성,1,77.09,월별 계약,카드,없음,1
307,60,남성,33,38.53,월별 계약,카드,500M,1
308,37,남성,9,47.86,월별 계약,계좌 이체,500M,1
309,51,남성,0,41.87,1년 계약,카드,1G,0
310,42,여성,17,38.28,월별 계약,계좌 이체,100M,0
311,42,남성,1,102.57,1년 계약,계좌 이체,500M,0
312,58,여성,7,48.57,월별 계약,계좌 이체,100M,0
313,54,남성,29,112.71,2년 계약,계좌 이체,100M,0
314,54,여성,1,116.99,1년 계약,카드,없음,0
315,60,여성,43,77.13,월별 계약,카드,1G,1
316,45,여성,0,34.3,월별 계약,카드,1G,1
317,53,여성,6,57.45,1년 계약,계좌 이체,500M,0
318,41,남성,32,99.77,2년 계약,계좌 이체,100M,0
319,48,남성,9,56.74,월별 계약,계좌 이체,100M,0
320,43,여성,2,28.7,월별 계약,계좌 이체,100M,0
321,46,여성,10,75.68,2년 계약,카드,500M,0
322,52,여성,7,104.51,1년 계약,카드,1G,0
323,35,여성,44,99.59,월별 계약,카드,1G,1
324,70,여성,9,37.51,월별 계약,계좌 이체,100M,0
325,32,남성,37,87.28,월별 계약,카드,없음,1
326,30,남성,53,42.05,1년 계약,카드,1G,0
327,58,여성,13,41.82,월별 계약,카드,500M,1
328,54,여성,57,107.41,2년 계약,카드,1G,1
329,52,남성,11,44.97,월별 계약,계좌 이체,500M,1
330,52,여성,72,46.32,월별 계약,계좌 이체,100M,0
331,44,남성,2,20.07,1년 계약,계좌 이체,500M,1
332,34,여성,27,107.07,2년 계약,카드,1G,0
333,45,남성,16,99.26,2년 계약,계좌 이체,100M,0
334,36,남성,11,82.73,월별 계약,계좌 이체,100M,1
335,56,여성,24,95.03,1년 계약,계좌 이체,100M,0
336,43,남성,29,35.2,1년 계약,계좌 이체,100M,0
337,35,여성,0,65.83,월별 계약,카드,1G,0
338,41,여성,4,55.12,월별 계약,카드,1G,1
339,49,여성,29,29.38,월별 계약,계좌 이체,500M,1
340,38,남성,26,68.61,월별 계약,계좌 이체,100M,1
341,35,남성,72,112.07,2년 계약,계좌 이체,500M,0
342,47,남성,34,24.01,월별 계약,계좌 이체,500M,0
343,47,여성,72,49.15,2년 계약,계좌 이체,100M,0
344,38,여성,29,40.75,월별 계약,계좌 이체,500M,1
345,39,여성,8,43.81,1년 계약,계좌 이체,500M,0
346,47,여성,2,110.84,월별 계약,카드,1G,0
347,27,여성,36,66.81,월별 계약,카드,1G,1
348,28,여성,24,66.63,월별 계약,계좌 이체,100M,1
349,36,남성,1,96.06,월별 계약,계좌 이체,500M,1
350,42,여성,10,35.45,1년 계약,카드,1G,0
351,48,남성,72,68.73,월별 계약,카드,500M,1
352,62,여성,16,63.0,1년 계약,카드,1G,0
353,55,여성,13,79.69,월별 계약,카드,1G,0
354,43,여성,14,119.96,월별 계약,계좌 이체,100M,1
355,44,남성,5,96.94,월별 계약,계좌 이체,100M,1
356,32,남성,11,59.79,2년 계약,카드,1G,1
357,44,남성,11,102.76,1년 계약,계좌 이체,100M,0
358,41,남성,1,37.07,월별 계약,카드,500M,1
359,48,남성,35,23.05,월별 계약,카드,없음,1
360,35,여성,12,40.44,월별 계약,카드,500M,1
361,51,여성,41,54.04,2년 계약,계좌 이체,500M,0
362,63,남성,45,71.06,1년 계약,카드,1G,0
363,43,남성,5,81.51,월별 계약,계좌 이체,500M,1
364,49,남성,25,111.06,1년 계약,카드,500M,0
365,53,여성,15,70.99,월별 계약,카드,없음,0
366,40,여성,50,70.13,2년 계약,계좌 이체,500M,0
367,47,여성,5,25.02,월별 계약,카드,없음,1
368,45,여성,27,23.49,1년 계약,카드,없음,0
369,46,여성,22,75.12,월별 계약,계좌 이체,100M,1
370,35,여성,8,63.82,1년 계약,계좌 이체,100M,0
371,45,남성,3,103.92,1년 계약,계좌 이체,100M,0
372,50,여성,25,36.07,1년 계약,계좌 이체,100M,1
373,62,남성,32,22.5,1년 계약,계좌 이체,100M,0
374,56,여성,9,64.9,2년 계약,카드,1G,0
375,70,남성,24,43.75,월별 계약,계좌 이체,100M,0
376,35,여성,12,24.96,월별 계약,계좌 이체,500M,1
377,55,여성,29,92.46,월별 계약,카드,1G,0
378,47,여성,5,31.16,2년 계약,계좌 이체,100M,0
379,71,여성,53,80.83,월별 계약,카드,1G,1
380,35,남성,8,48.1,1년 계약,계좌 이체,100M,0
381,34,남성,11,37.35,1년 계약,계좌 이체,100M,0
382,37,남성,1,57.98,월별 계약,카드,1G,0
383,19,남성,2,100.14,월별 계약,카드,1G,0
384,38,여성,17,59.21,월별 계약,카드,1G,0
385,35,남성,7,95.08,월별 계약,카드,1G,1
386,46,여성,43,32.55,월별 계약,카드,1G,0
387,49,여성,0,97.28,월별 계약,계좌 이체,100M,0
388,67,여성,11,43.69,2년 계약,계좌 이체,100M,0
389,56,남성,9,87.74,2년 계약,카드,1G,0
390,38,여성,0,76.58,월별 계약,카드,1G,1
391,34,여성,3,112.91,월별 계약,카드,없음,1
392,50,여성,12,58.73,월별 계약,계좌 이체,500M,1
393,29,여성,16,26.62,1년 계약,계좌 이체,500M,0
394,66,여성,12,21.92,2년 계약,카드,1G,0
395,59,남성,18,102.69,월별 계약,계좌 이체,500M,1
396,39,여성,21,72.47,월별 계약,카드,없음,1
397,24,남성,0,97.52,1년 계약,카드,1G,0
398,61,남성,14,43.44,1년 계약,계좌 이체,500M,0
399,43,남성,72,54.51,월별 계약,카드,1G,1
400,59,남성,17,23.01,1년 계약,카드,1G,0
401,25,남성,27,116.15,월별 계약,계좌 이체,100M,1
402,37,남성,8,86.79,월별 계약,카드,없음,1
403,45,여성,35,113.32,1년 계약,카드,500M,1
404,45,여성,35,46.55,2년 계약,카드,1G,0
405,39,여성,17,81.15,월별 계약,계좌 이체,500M,0
406,52,남성,72,87.85,2년 계약,카드,1G,1
407,32,남성,3,51.75,월별 계약,계좌 이체,500M,0
408,43,여성,0,104.81,1년 계약,계좌 이체,100M,1
409,46,남성,35,114.72,월별 계약,카드,없음,0
410,51,남성,39,108.49,2년 계약,계좌 이체,100M,0
411,53,여성,3,93.91,2년 계약,계좌 이체,500M,0
412,31,남성,7,47.75,월별 계약,카드,없음,1
413,26,여성,0,48.16,2년 계약,카드,없음,0
414,60,여성,8,116.34,2년 계약,카드,500M,0
415,48,남성,35,21.03,1년 계약,카드,1G,0
416,36,남성,17,91.6,월별 계약,계좌 이체,500M,0
417,63,여성,10,90.62,2년 계약,계좌 이체,100M,0
418,46,남성,11,82.27,2년 계약,계좌 이체,500M,0
419,59,남성,0,119.01,월별 계약,카드,1G,0
420,45,여성,8,51.19,2년 계약,카드,1G,0
421,69,남성,24,54.0,월별 계약,카드,1G,1
422,66,여성,72,27.89,월별 계약,카드,1G,0
423,42,여성,45,64.28,월별 계약,계좌 이체,100M,0
424,56,남성,0,46.1,1년 계약,계좌 이체,500M,1
425,52,남성,54,54.34,1년 계약,계좌 이체,100M,0
426,61,남성,36,103.46,월별 계약,카드,500M,0
427,33,남성,36,113.55,2년 계약,계좌 이체,500M,1
428,53,남성,14,38.57,월별 계약,카드,1G,0
429,57,여성,12,57.25,월별 계약,계좌 이체,500M,0
430,23,남성,8,112.86,월별 계약,계좌 이체,100M,1
431,30,여성,1,26.18,1년 계약,계좌 이체,100M,0
432,20,여성,6,29.24,2년 계약,카드,1G,0
433,41,여성,6,36.28,1년 계약,카드,1G,0
434,53,여성,15,79.52,2년 계약,계좌 이체,100M,0
435,63,남성,33,35.05,월별 계약,계좌 이체,100M,1
436,45,여성,15,116.81,월별 계약,카드,1G,1
437,64,여성,1,64.67,월별 계약,계좌 이체,100M,0
438,28,남성,72,70.15,월별 계약,카드,1G,0
439,24,남성,68,44.67,월별 계약,카드,1G,0
440,44,여성,36,67.1,1년 계약,계좌 이체,100M,1
441,49,남성,72,86.19,월별 계약,계좌 이체,100M,1
442,44,남성,18,95.12,1년 계약,카드,없음,0
443,20,남성,72,95.39,월별 계약,계좌 이체,500M,0
444,43,남성,1,77.79,월별 계약,계좌 이체,500M,1
445,29,여성,10,110.44,1년 계약,카드,1G,0
446,53,여성,6,101.74,월별 계약,카드,없음,1
447,49,여성,5,95.7,2년 계약,카드,없음,0
448,33,남성,3,25.56,1년 계약,카드,1G,1
449,38,남성,23,20.69,월별 계약,계좌 이체,500M,1
450,32,여성,36,41.24,2년 계약,계좌 이체,100M,0
451,44,남성,20,86.35,월별 계약,카드,1G,1
452,56,남성,3,61.12,월별 계약,카드,500M,1
453,33,여성,39,60.24,1년 계약,계좌 이체,500M,1
454,51,남성,24,108.46,월별 계약,카드,없음,0
455,38,여성,11,109.56,2년 계약,계좌 이체,100M,0
456,35,남성,26,110.92,2년 계약,계좌 이체,500M,0
457,43,남성,7,51.39,2년 계약,계좌 이체,100M,0
458,32,남성,10,89.11,월별 계약,계좌 이체,500M,1
459,38,여성,59,47.16,월별 계약,계좌 이체,100M,1
460,30,여성,8,39.06,1년 계약,계좌 이체,100M,0
461,68,여성,15,38.46,월별 계약,계좌 이체,100M,1
462,45,여성,53,54.21,월별 계약,카드,1G,1
463,36,남성,29,63.0,월별 계약,카드,1G,1
464,47,여성,1,103.09,월별 계약,카드,500M,0
465,43,남성,3,31.99,월별 계약,카드,없음,1
466,42,여성,0,93.49,2년 계약,계좌 이체,500M,0
467,52,남성,23,73.15,2년 계약,계좌 이체,100M,0
468,54,여성,14,48.79,월별 계약,카드,1G,1
469,38,남성,3,69.28,월별 계약,계좌 이체,100M,1
470,38,남성,72,49.99,월별 계약,카드,없음,0
471,41,여성,18,79.61,2년 계약,계좌 이체,100M,0
472,18,남성,6,63.38,월별 계약,카드,없음,0
473,26,남성,16,36.44,1년 계약,계좌 이체,100M,0
474,61,남성,27,31.66,월별 계약,카드,1G,0
475,64,남성,1,74.67,1년 계약,카드,500M,1
476,42,여성,7,110.24,월별 계약,카드,없음,1
477,51,여성,39,54.4,1년 계약,계좌 이체,100M,0
478,48,여성,14,93.3,월별 계약,카드,500M,0
479,80,여성,18,85.87,1년 계약,카드,없음,0
480,58,남성,13,113.16,월별 계약,카드,500M,1
481,43,여성,1,102.1,1년 계약,카드,1G,0
482,33,남성,4,76.66,2년 계약,카드,1G,1
483,25,남성,14,85.7,월별 계약,계좌 이체,500M,1
484,47,여성,5,109.84,2년 계약,카드,1G,1
485,35,남성,1,59.95,1년 계약,카드,500M,0
486,27,여성,44,52.68,월별 계약,카드,없음,0
487,37,남성,72,21.08,월별 계약,계좌 이체,100M,1
488,32,여성,37,102.66,월별 계약,계좌 이체,100M,1
489,65,여성,46,100.1,1년 계약,카드,없음,0
490,55,여성,6,30.45,1년 계약,카드,1G,0
491,44,여성,72,77.69,월별 계약,계좌 이체,500M,0
492,62,여성,5,66.4,월별 계약,카드,1G,0
493,45,남성,72,31.87,2년 계약,계좌 이체,100M,0
494,34,여성,72,118.06,2년 계약,계좌 이체,100M,0
495,63,남성,29,41.47,월별 계약,계좌 이체,500M,1
496,51,여성,72,26.72,2년 계약,계좌 이체,500M,0
497,32,여성,20,79.48,월별 계약,카드,500M,1
498,42,여성,7,93.89,월별 계약,계좌 이체,100M,1
499,34,남성,13,23.24,2년 계약,카드,없음,0
500,28,남성,21,85.87,월별 계약,카드,없음,1
501,56,여성,1,73.23,월별 계약,카드,1G,0
502,67,남성,23,30.33,월별 계약,카드,500M,1
503,28,남성,72,37.25,2년 계약,계좌 이체,500M,0
504,51,남성,5,76.8,2년 계약,카드,1G,1
505,37,여성,37,49.64,월별 계약,카드,1G,1
506,39,여성,57,113.83,월별 계약,계좌 이체,100M,0
507,37,남성,69,101.87,월별 계약,카드,없음,0
508,34,남성,72,118.36,1년 계약,카드,1G,1
509,45,남성,17,45.97,월별 계약,카드,없음,1
510,35,여성,72,116.97,1년 계약,카드,1G,0
511,48,여성,33,63.12,월별 계약,카드,1G,1
512,44,남성,4,54.75,월별 계약,계좌 이체,500M,1
513,42,남성,15,25.03,월별 계약,카드,없음,1
514,34,남성,30,25.28,월별 계약,카드,1G,0
515,38,여성,6,89.2,2년 계약,계좌 이체,100M,0
516,54,여성,24,65.79,월별 계약,계좌 이체,100M,1
517,51,남성,26,42.65,월별 계약,계좌 이체,500M,0
518,33,남성,4,81.4,월별 계약,카드,1G,1
519,46,남성,19,45.29,월별 계약,카드,없음,1
520,54,여성,35,77.76,월별 계약,계좌 이체,100M,0
521,24,남성,16,55.92,월별 계약,카드,500M,1
522,51,여성,0,102.36,월별 계약,계좌 이체,500M,1
523,37,여성,0,102.07,1년 계약,카드,없음,0
524,51,남성,10,67.74,월별 계약,카드,1G,1
525,35,남성,62,55.08,월별 계약,카드,1G,1
526,23,남성,6,56.26,2년 계약,계좌 이체,500M,1
527,25,여성,24,100.57,월별 계약,계좌 이체,500M,1
528,45,여성,6,52.82,월별 계약,계좌 이체,100M,0
529,48,여성,9,40.91,월별 계약,계좌 이체,100M,1
530,34,여성,45,28.47,월별 계약,카드,1G,1
531,52,남성,31,66.67,1년 계약,카드,1G,1
532,25,여성,2,68.21,월별 계약,카드,없음,0
533,44,여성,13,104.09,1년 계약,카드,없음,0
534,30,남성,0,42.12,월별 계약,카드,500M,1
535,37,여성,15,58.1,월별 계약,카드,1G,1
536,45,여성,26,100.84,1년 계약,카드,없음,0
537,34,여성,3,102.36,월별 계약,카드,1G,1
538,40,여성,8,58.46,1년 계약,계좌 이체,100M,0
539,57,여성,12,65.91,월별 계약,계좌 이체,500M,1
540,38,여성,60,50.33,1년 계약,계좌 이체,100M,0
541,55,남성,72,113.26,월별 계약,카드,없음,0
542,31,남성,1,31.86,2년 계약,카드,1G,0
543,51,여성,34,113.37,월별 계약,계좌 이체,100M,0
544,62,남성,11,88.39,2년 계약,카드,1G,0
545,18,남성,11,73.16,월별 계약,카드,1G,1
546,35,남성,33,23.27,1년 계약,계좌 이체,500M,0
547,51,남성,60,67.56,월별 계약,계좌 이체,100M,0
548,42,여성,72,60.77,2년 계약,카드,1G,0
549,49,여성,20,36.12,월별 계약,카드,500M,0
550,37,남성,10,85.64,월별 계약,카드,1G,1
551,46,남성,37,117.12,월별 계약,카드,500M,1
552,43,남성,6,76.22,월별 계약,카드,1G,1
553,59,여성,19,91.48,월별 계약,카드,500M,1
554,48,여성,10,26.85,2년 계약,카드,500M,0
555,49,남성,25,61.77,2년 계약,카드,1G,0
556,40,여성,6,31.64,월별 계약,계좌 이체,500M,1
557,39,여성,5,81.28,2년 계약,계좌 이체,100M,1
558,39,여성,60,113.85,월별 계약,계좌 이체,100M,1
559,49,여성,2,86.18,월별 계약,카드,1G,0
560,39,남성,16,27.68,1년 계약,카드,1G,1
561,48,여성,5,55.47,1년 계약,카드,1G,1
562,69,남성,0,75.07,2년 계약,계좌 이체,100M,0
563,55,여성,0,60.32,월별 계약,계좌 이체,100M,0
564,41,여성,4,103.36,1년 계약,계좌 이체,100M,0
565,59,여성,48,101.47,월별 계약,계좌 이체,500M,1
566,40,여성,7,81.18,월별 계약,카드,500M,1
567,20,남성,72,57.35,월별 계약,계좌 이체,500M,0
568,32,여성,20,45.53,2년 계약,계좌 이체,500M,1
569,22,여성,13,30.59,2년 계약,카드,없음,0
570,40,여성,20,55.49,1년 계약,계좌 이체,500M,0
571,45,남성,17,61.32,월별 계약,카드,500M,0
572,65,남성,34,87.58,월별 계약,카드,1G,0
573,48,남성,7,85.82,월별 계약,계좌 이체,500M,0
574,42,여성,10,27.01,월별 계약,카드,1G,0
575,54,여성,53,59.53,월별 계약,카드,1G,0
576,18,남성,70,38.18,1년 계약,카드,없음,0
577,47,여성,53,35.68,월별 계약,계좌 이체,100M,0
578,54,여성,13,102.73,월별 계약,카드,없음,0
579,27,여성,36,24.19,월별 계약,계좌 이체,500M,1
580,58,여성,15,61.92,월별 계약,계좌 이체,100M,1
581,49,여성,16,36.82,월별 계약,계좌 이체,500M,1
582,40,여성,5,107.93,2년 계약,카드,없음,0
583,52,남성,21,75.7,1년 계약,계좌 이체,500M,0
584,72,여성,4,43.14,2년 계약,계좌 이체,500M,0
585,47,여성,9,70.24,월별 계약,카드,1G,0
586,47,여성,46,93.15,월별 계약,계좌 이체,100M,0
587,39,여성,5,115.81,월별 계약,계좌 이체,100M,1
588,34,여성,1,42.04,2년 계약,계좌 이체,100M,0
589,54,남성,1,108.62,1년 계약,계좌 이체,100M,0
590,34,남성,67,113.43,월별 계약,계좌 이체,100M,1
591,45,남성,16,111.64,월별 계약,계좌 이체,100M,1
592,39,남성,12,83.54,월별 계약,카드,1G,0
593,50,여성,39,82.98,1년 계약,계좌 이체,100M,0
594,49,여성,43,60.32,2년 계약,계좌 이체,500M,0
595,57,남성,9,95.24,1년 계약,카드,1G,0
596,38,남성,28,73.13,월별 계약,계좌 이체,500M,0
597,41,여성,35,87.74,월별 계약,카드,1G,0
598,33,남성,25,62.85,월별 계약,계좌 이체,100M,1
599,39,여성,3,93.15,월별 계약,계좌 이체,100M,1
600,49,여성,50,102.45,월별 계약,계좌 이체,100M,1
601,54,여성,18,34.64,1년 계약,계좌 이체,100M,0
602,33,남성,7,103.29,1년 계약,계좌 이체,100M,0
603,55,남성,13,74.03,월별 계약,계좌 이체,100M,1
604,61,여성,0,104.47,2년 계약,계좌 이체,100M,1
605,49,여성,3,63.13,월별 계약,계좌 이체,100M,0
606,67,남성,34,57.9,월별 계약,계좌 이체,500M,1
607,35,여성,0,111.51,월별 계약,계좌 이체,100M,1
608,30,남성,12,45.12,월별 계약,계좌 이체,500M,1
609,23,여성,17,104.42,월별 계약,카드,500M,1
610,62,남성,1,68.4,월별 계약,카드,1G,1
611,52,여성,72,71.41,월별 계약,계좌 이체,100M,0
612,44,남성,6,50.85,2년 계약,카드,1G,0
613,48,남성,8,77.3,월별 계약,카드,1G,0
614,31,남성,8,52.52,월별 계약,계좌 이체,100M,1
615,74,남성,6,23.93,월별 계약,카드,1G,0
616,46,여성,0,47.2,1년 계약,카드,없음,0
617,46,여성,31,20.64,월별 계약,계좌 이체,100M,0
618,53,남성,72,117.84,2년 계약,계좌 이체,100M,0
619,50,남성,6,116.57,월별 계약,카드,1G,1
620,47,여성,26,59.52,월별 계약,카드,1G,1
621,35,여성,32,92.84,1년 계약,계좌 이체,100M,0
622,50,여성,45,54.58,월별 계약,계좌 이체,100M,1
623,67,남성,13,87.11,월별 계약,계좌 이체,500M,0
624,61,남성,8,100.54,월별 계약,계좌 이체,500M,0
625,64,여성,9,114.68,1년 계약,카드,1G,0
626,38,남성,29,60.02,월별 계약,계좌 이체,500M,0
627,33,여성,40,98.33,월별 계약,계좌 이체,500M,1
628,43,남성,4,46.59,2년 계약,카드,1G,0
629,45,여성,11,119.03,월별 계약,계좌 이체,100M,1
630,58,남성,55,22.58,2년 계약,계좌 이체,100M,0
631,24,여성,39,80.35,1년 계약,카드,1G,0
632,63,여성,72,85.95,월별 계약,카드,1G,0
633,43,여성,33,88.8,월별 계약,카드,500M,0
634,39,남성,11,32.04,월별 계약,카드,500M,1
635,32,여성,21,113.85,1년 계약,계좌 이체,100M,0
636,25,여성,25,38.12,1년 계약,계좌 이체,500M,0
637,54,여성,1,82.28,1년 계약,카드,500M,0
638,45,여성,18,42.27,2년 계약,계좌 이체,100M,0
639,29,여성,29,50.72,1년 계약,계좌 이체,100M,0
640,29,여성,4,74.65,월별 계약,계좌 이체,500M,1
641,40,남성,36,61.72,월별 계약,계좌 이체,100M,0
642,65,여성,21,36.02,2년 계약,계좌 이체,500M,0
643,41,여성,72,37.09,월별 계약,계좌 이체,100M,0
644,26,남성,1,61.81,월별 계약,계좌 이체,500M,1
645,42,남성,7,95.73,1년 계약,계좌 이체,100M,1
646,41,남성,22,109.8,월별 계약,카드,1G,0
647,18,여성,8,28.41,2년 계약,카드,500M,0
648,44,여성,30,59.31,1년 계약,카드,1G,0
649,42,여성,34,30.02,월별 계약,카드,1G,0
650,53,여성,2,21.66,2년 계약,계좌 이체,500M,0
651,67,남성,17,86.17,월별 계약,계좌 이체,100M,0
652,58,남성,17,80.24,월별 계약,카드,500M,1
653,41,남성,11,36.3,월별 계약,카드,500M,1
654,31,남성,64,43.38,월별 계약,카드,1G,0
655,75,남성,42,22.37,월별 계약,계좌 이체,500M,1
656,45,남성,28,103.49,월별 계약,계좌 이체,100M,1
657,45,여성,30,117.47,월별 계약,계좌 이체,100M,1
658,44,여성,14,33.55,월별 계약,계좌 이체,500M,1
659,47,여성,60,43.15,1년 계약,카드,1G,0
660,43,여성,28,106.84,2년 계약,카드,500M,0
661,38,여성,31,112.65,월별 계약,계좌 이체,500M,0
662,38,남성,47,61.96,월별 계약,카드,없음,0
663,44,여성,7,25.06,월별 계약,카드,1G,0
664,38,여성,39,23.94,월별 계약,계좌 이체,100M,0
665,36,남성,5,77.39,1년 계약,계좌 이체,100M,0
666,46,남성,10,59.29,1년 계약,계좌 이체,100M,0
667,41,여성,9,22.87,월별 계약,계좌 이체,100M,0
668,63,남성,72,78.33,월별 계약,계좌 이체,100M,1
669,18,여성,46,21.13,월별 계약,계좌 이체,100M,1
670,58,여성,28,98.74,1년 계약,계좌 이체,100M,0
671,59,남성,31,50.64,월별 계약,계좌 이체,100M,0
672,20,남성,19,24.03,2년 계약,카드,1G,0
673,40,남성,70,78.84,1년 계약,계좌 이체,100M,0
674,40,남성,16,59.77,월별 계약,카드,500M,1
675,28,남성,11,117.38,1년 계약,계좌 이체,500M,0
676,35,여성,4,74.42,2년 계약,카드,없음,0
677,31,남성,37,47.52,1년 계약,계좌 이체,100M,0
678,66,여성,31,90.94,월별 계약,계좌 이체,500M,1
679,56,남성,11,47.15,월별 계약,카드,없음,0
680,60,여성,0,110.42,2년 계약,카드,1G,1
681,53,남성,43,57.47,1년 계약,카드,1G,0
682,31,남성,0,74.99,1년 계약,계좌 이체,100M,0
683,38,여성,29,25.06,2년 계약,계좌 이체,100M,0
684,50,여성,72,62.61,2년 계약,카드,1G,0
685,30,남성,13,103.24,2년 계약,카드,없음,0
686,53,여성,6,100.56,월별 계약,카드,500M,1
687,42,남성,29,42.43,월별 계약,카드,500M,1
688,40,여성,40,42.61,1년 계약,계좌 이체,100M,0
689,53,남성,18,101.73,1년 계약,카드,1G,0
690,50,남성,72,113.04,1년 계약,계좌 이체,100M,0
691,40,여성,1,29.54,월별 계약,계좌 이체,500M,0
692,58,여성,16,65.01,1년 계약,계좌 이체,500M,0
693,32,남성,30,53.75,1년 계약,카드,500M,0
694,52,여성,47,107.07,월별 계약,계좌 이체,100M,1
695,52,여성,4,28.35,월별 계약,계좌 이체,100M,0
696,41,남성,38,41.11,월별 계약,카드,1G,1
697,48,여성,19,95.25,월별 계약,계좌 이체,100M,0
698,29,남성,12,25.13,월별 계약,카드,500M,1
699,56,여성,3,69.25,월별 계약,계좌 이체,100M,1
700,42,여성,48,64.21,월별 계약,계좌 이체,500M,0
701,38,여성,4,53.44,1년 계약,카드,500M,0
702,57,남성,8,59.46,1년 계약,계좌 이체,100M,0
703,36,남성,8,72.99,2년 계약,계좌 이체,500M,0
704,28,남성,49,36.14,월별 계약,계좌 이체,100M,0
705,26,남성,26,77.2,월별 계약,계좌 이체,100M,1
706,52,남성,38,100.54,2년 계약,카드,없음,0
707,29,여성,6,96.02,월별 계약,계좌 이체,500M,1
708,66,남성,23,35.39,2년 계약,카드,1G,1
709,20,남성,20,34.92,2년 계약,계좌 이체,100M,0
710,65,여성,42,46.82,월별 계약,카드,1G,0
711,47,남성,56,56.11,2년 계약,카드,1G,0
712,43,여성,0,60.85,월별 계약,카드,500M,1
713,38,남성,26,87.97,월별 계약,계좌 이체,500M,0
714,49,여성,1,25.67,1년 계약,계좌 이체,500M,0
715,44,남성,19,23.47,월별 계약,계좌 이체,500M,1
716,58,남성,8,59.19,2년 계약,카드,없음,0
717,46,여성,8,89.72,월별 계약,카드,1G,1
718,46,남성,10,39.34,월별 계약,카드,없음,0
719,40,여성,23,84.15,1년 계약,계좌 이체,100M,1
720,44,남성,9,45.98,1년 계약,카드,1G,0
721,48,남성,31,108.61,월별 계약,카드,없음,1
722,24,여성,12,109.57,월별 계약,계좌 이체,100M,1
723,28,남성,1,49.73,2년 계약,계좌 이체,100M,0
724,53,여성,36,43.0,월별 계약,카드,1G,1
725,47,여성,8,61.13,2년 계약,카드,500M,0
726,42,여성,13,44.05,1년 계약,카드,1G,0
727,45,여성,27,87.24,1년 계약,계좌 이체,100M,0
728,49,남성,9,102.61,1년 계약,카드,1G,0
729,38,남성,1,87.31,월별 계약,계좌 이체,100M,1
730,35,남성,11,102.44,1년 계약,계좌 이체,100M,0
731,47,여성,69,59.7,2년 계약,계좌 이체,100M,0
732,33,여성,24,35.63,월별 계약,카드,1G,1
733,49,남성,26,93.8,2년 계약,카드,1G,0
734,24,여성,24,56.05,월별 계약,카드,500M,0
735,57,남성,5,87.13,월별 계약,계좌 이체,500M,0
736,50,여성,13,47.06,월별 계약,카드,1G,0
737,48,남성,33,28.12,2년 계약,계좌 이체,500M,0
738,56,여성,2,119.26,월별 계약,카드,1G,1
739,64,여성,7,35.62,2년 계약,계좌 이체,500M,0
740,57,남성,7,118.84,2년 계약,계좌 이체,500M,0
741,22,남성,13,117.73,월별 계약,계좌 이체,500M,1
742,29,남성,72,99.38,월별 계약,계좌 이체,500M,0
743,37,남성,1,85.94,1년 계약,카드,1G,0
744,45,남성,17,77.78,월별 계약,카드,500M,0
745,51,여성,4,106.61,1년 계약,계좌 이체,100M,0
746,36,여성,72,48.94,월별 계약,카드,1G,0
747,47,여성,2,66.77,월별 계약,계좌 이체,500M,0
748,35,남성,12,81.94,1년 계약,카드,500M,1
749,37,여성,32,61.12,월별 계약,카드,없음,1
750,28,여성,29,62.75,월별 계약,카드,1G,1
751,33,남성,13,53.03,월별 계약,계좌 이체,100M,1
752,28,여성,10,76.42,월별 계약,카드,없음,1
753,33,여성,12,105.06,월별 계약,카드,1G,0
754,57,남성,7,40.15,2년 계약,계좌 이체,500M,0
755,33,남성,5,113.44,월별 계약,계좌 이체,100M,1
756,76,여성,15,88.91,월별 계약,카드,1G,0
757,50,남성,7,102.33,1년 계약,카드,1G,0
758,47,여성,8,75.62,월별 계약,카드,500M,1
759,34,여성,25,97.95,월별 계약,카드,1G,1
760,53,여성,72,21.62,2년 계약,카드,1G,0
761,38,남성,22,101.84,1년 계약,계좌 이체,100M,0
762,46,남성,1,24.01,1년 계약,계좌 이체,500M,0
763,75,여성,1,108.99,1년 계약,계좌 이체,100M,0
764,43,여성,72,119.2,월별 계약,카드,1G,1
765,58,남성,8,49.41,1년 계약,계좌 이체,100M,0
766,36,여성,2,41.03,월별 계약,카드,500M,0
767,44,여성,21,96.54,월별 계약,카드,1G,1
768,66,남성,23,45.3,월별 계약,카드,1G,1
769,37,남성,25,106.56,월별 계약,계좌 이체,500M,0
770,66,여성,7,30.28,월별 계약,카드,1G,0
771,53,남성,0,32.6,2년 계약,계좌 이체,100M,0
772,38,남성,72,117.92,월별 계약,카드,1G,0
773,52,남성,6,87.38,월별 계약,계좌 이체,100M,1
774,56,남성,27,104.69,월별 계약,계좌 이체,500M,0
775,52,여성,29,52.43,월별 계약,카드,1G,0
776,26,여성,22,87.65,1년 계약,계좌 이체,100M,0
777,36,남성,9,79.42,월별 계약,계좌 이체,100M,1
778,42,여성,7,80.32,월별 계약,카드,1G,0
779,44,여성,21,88.25,월별 계약,카드,1G,1
780,52,여성,48,77.54,1년 계약,카드,1G,0
781,47,남성,70,62.91,월별 계약,카드,1G,1
782,28,남성,2,47.59,월별 계약,카드,500M,1
783,49,여성,4,96.86,월별 계약,계좌 이체,100M,0
784,52,여성,69,42.63,월별 계약,계좌 이체,500M,0
785,51,남성,32,89.24,월별 계약,계좌 이체,100M,1
786,57,남성,51,43.33,1년 계약,카드,없음,0
787,55,남성,5,82.53,1년 계약,카드,500M,0
788,50,여성,21,94.71,2년 계약,계좌 이체,500M,1
789,44,여성,28,41.87,월별 계약,계좌 이체,500M,1
790,25,여성,27,25.99,월별 계약,카드,없음,0
791,50,남성,12,33.1,월별 계약,계좌 이체,100M,0
792,47,여성,0,80.6,2년 계약,카드,500M,0
793,48,여성,20,104.94,1년 계약,카드,500M,0
794,29,남성,7,24.5,1년 계약,카드,1G,0
795,32,여성,14,93.42,월별 계약,계좌 이체,100M,1
796,57,여성,72,54.13,월별 계약,카드,1G,1
797,44,남성,12,67.85,월별 계약,카드,없음,1
798,53,여성,43,112.89,1년 계약,카드,500M,0
799,45,남성,5,53.2,2년 계약,카드,1G,0
800,45,여성,26,66.53,2년 계약,카드,없음,0
801,56,여성,72,21.37,월별 계약,카드,1G,0
802,38,여성,2,28.16,월별 계약,계좌 이체,100M,0
803,46,여성,0,45.86,2년 계약,카드,500M,0
804,39,남성,13,22.79,1년 계약,카드,1G,0
805,39,여성,2,83.14,월별 계약,계좌 이체,500M,0
806,41,여성,33,62.64,월별 계약,카드,1G,1
807,47,남성,59,74.81,월별 계약,카드,없음,1
808,39,여성,13,37.46,월별 계약,카드,없음,1
809,60,여성,7,49.59,월별 계약,계좌 이체,500M,0
810,34,남성,13,86.38,1년 계약,계좌 이체,100M,0
811,42,여성,30,116.53,월별 계약,카드,없음,0
812,39,여성,0,25.04,월별 계약,카드,1G,0
813,62,남성,21,109.04,월별 계약,계좌 이체,100M,1
814,47,여성,22,77.69,2년 계약,카드,없음,0
815,57,남성,24,76.39,1년 계약,카드,1G,1
816,27,남성,6,70.03,월별 계약,카드,500M,0
817,48,남성,30,26.94,2년 계약,카드,500M,0
818,55,여성,2,28.99,2년 계약,계좌 이체,500M,0
819,45,여성,5,80.09,월별 계약,계좌 이체,100M,0
820,57,남성,50,54.1,월별 계약,계좌 이체,500M,1
821,38,남성,32,111.73,1년 계약,카드,1G,0
822,61,여성,0,60.66,2년 계약,계좌 이체,100M,0
823,72,남성,6,34.33,2년 계약,계좌 이체,500M,0
824,40,여성,5,91.47,2년 계약,계좌 이체,500M,0
825,39,여성,7,49.34,1년 계약,카드,500M,0
826,62,여성,6,72.55,월별 계약,카드,없음,1
827,63,여성,1,89.78,월별 계약,계좌 이체,500M,1
828,38,남성,14,110.03,월별 계약,계좌 이체,500M,0
829,39,여성,31,99.22,월별 계약,카드,1G,1
830,41,여성,22,87.64,1년 계약,계좌 이체,500M,0
831,28,여성,26,87.96,1년 계약,계좌 이체,100M,0
832,33,남성,2,114.59,1년 계약,계좌 이체,500M,1
833,32,여성,72,49.58,월별 계약,계좌 이체,100M,0
834,35,남성,43,20.11,1년 계약,계좌 이체,100M,0
835,44,남성,39,47.2,월별 계약,계좌 이체,500M,0
836,47,남성,41,41.79,월별 계약,계좌 이체,500M,0
837,63,여성,64,86.18,1년 계약,카드,없음,1
838,33,여성,18,83.37,1년 계약,계좌 이체,500M,0
839,56,여성,5,79.35,2년 계약,카드,500M,0
840,42,여성,23,21.62,월별 계약,카드,1G,1
841,44,남성,32,92.88,월별 계약,계좌 이체,100M,1
842,53,여성,32,52.35,월별 계약,카드,1G,1
843,31,남성,17,86.51,월별 계약,계좌 이체,100M,0
844,49,여성,1,75.66,2년 계약,카드,없음,1
845,46,여성,11,54.27,1년 계약,계좌 이체,100M,0
846,50,여성,60,33.46,2년 계약,계좌 이체,500M,0
847,48,여성,21,29.44,월별 계약,계좌 이체,100M,1
848,74,남성,18,103.15,2년 계약,카드,없음,1
849,37,남성,7,111.84,월별 계약,카드,500M,0
850,38,여성,11,84.98,2년 계약,카드,500M,0
851,37,남성,54,30.34,월별 계약,계좌 이체,100M,0
852,38,남성,26,60.2,월별 계약,카드,1G,1
853,37,여성,37,92.89,월별 계약,계좌 이체,100M,1
854,59,여성,14,97.98,2년 계약,카드,1G,1
855,62,남성,23,31.82,월별 계약,계좌 이체,100M,1
856,38,남성,6,20.0,월별 계약,계좌 이체,100M,0
857,35,여성,29,91.21,2년 계약,계좌 이체,100M,1
858,50,여성,13,55.66,월별 계약,계좌 이체,500M,0
859,38,남성,14,45.45,월별 계약,카드,500M,0
860,52,남성,25,21.29,월별 계약,계좌 이체,100M,0
861,47,남성,66,74.03,월별 계약,카드,1G,1
862,26,남성,1,105.12,2년 계약,계좌 이체,500M,0
863,63,남성,41,115.76,1년 계약,카드,500M,0
864,66,여성,8,76.57,월별 계약,계좌 이체,500M,1
865,37,여성,14,71.45,2년 계약,계좌 이체,500M,0
866,40,여성,0,28.51,월별 계약,카드,500M,1
867,48,남성,8,74.89,월별 계약,계좌 이체,100M,1
868,49,여성,16,58.0,월별 계약,계좌 이체,100M,1
869,52,남성,1,80.71,월별 계약,카드,1G,0
870,69,여성,16,58.87,월별 계약,카드,없음,0
871,42,여성,62,44.03,2년 계약,계좌 이체,500M,0
872,35,남성,2,29.5,1년 계약,계좌 이체,100M,0
873,28,여성,34,51.49,월별 계약,카드,1G,1
874,36,남성,12,29.66,1년 계약,계좌 이체,500M,1
875,44,여성,25,37.69,1년 계약,계좌 이체,100M,0
876,66,남성,7,118.73,2년 계약,계좌 이체,100M,0
877,38,남성,4,64.41,2년 계약,카드,1G,0
878,47,여성,4,73.19,월별 계약,카드,1G,1
879,44,남성,1,107.36,1년 계약,계좌 이체,100M,0
880,59,여성,4,119.56,1년 계약,계좌 이체,100M,0
881,75,남성,26,78.27,1년 계약,계좌 이체,100M,0
882,38,여성,51,101.25,월별 계약,카드,1G,0
883,39,여성,40,52.69,월별 계약,계좌 이체,100M,1
884,57,여성,27,50.57,월별 계약,계좌 이체,100M,1
885,53,남성,2,60.27,월별 계약,카드,1G,1
886,67,남성,8,87.25,월별 계약,계좌 이체,100M,1
887,52,남성,8,88.22,1년 계약,카드,1G,0
888,40,남성,6,51.52,월별 계약,계좌 이체,100M,1
889,52,여성,17,33.32,1년 계약,계좌 이체,100M,0
890,58,여성,18,83.24,월별 계약,계좌 이체,100M,1
891,54,여성,10,32.83,2년 계약,카드,1G,0
892,51,여성,10,77.85,월별 계약,카드,1G,0
893,57,여성,42,89.34,월별 계약,카드,1G,0
894,59,여성,37,90.06,1년 계약,계좌 이체,500M,0
895,61,남성,8,95.35,2년 계약,카드,1G,0
896,52,여성,58,107.29,2년 계약,계좌 이체,100M,0
897,42,여성,72,70.0,월별 계약,계좌 이체,100M,1
898,46,여성,9,93.02,월별 계약,카드,1G,1
899,59,남성,10,81.92,2년 계약,계좌 이체,100M,0
900,35,남성,16,38.66,월별 계약,계좌 이체,100M,1
901,49,남성,67,22.57,1년 계약,계좌 이체,100M,0
902,40,여성,50,48.45,월별 계약,계좌 이체,100M,0
903,45,여성,2,64.3,월별 계약,계좌 이체,100M,1
904,60,남성,11,81.71,월별 계약,카드,500M,1
905,47,여성,19,105.0,월별 계약,계좌 이체,500M,0
906,45,남성,16,39.62,1년 계약,카드,1G,0
907,28,남성,5,32.55,2년 계약,카드,1G,0
908,53,남성,46,116.35,월별 계약,계좌 이체,500M,1
909,52,여성,27,30.8,2년 계약,계좌 이체,100M,0
910,70,여성,43,67.85,월별 계약,계좌 이체,500M,0
911,41,남성,46,78.56,월별 계약,카드,500M,0
912,47,여성,33,74.14,월별 계약,계좌 이체,100M,1
913,47,남성,13,28.6,2년 계약,카드,1G,0
914,63,여성,22,25.7,1년 계약,계좌 이체,500M,0
915,43,여성,4,30.55,1년 계약,카드,500M,0
916,48,여성,26,78.56,2년 계약,계좌 이체,500M,0
917,52,남성,4,74.43,1년 계약,계좌 이체,100M,0
918,47,여성,28,43.37,2년 계약,카드,없음,0
919,39,여성,6,83.78,1년 계약,카드,1G,0
920,47,남성,3,102.01,2년 계약,계좌 이체,100M,0
921,57,여성,4,24.16,월별 계약,카드,1G,0
922,32,남성,0,69.81,월별 계약,계좌 이체,500M,1
923,46,여성,30,88.93,월별 계약,카드,1G,1
924,36,남성,31,45.23,월별 계약,카드,1G,1
925,59,여성,17,50.78,1년 계약,계좌 이체,500M,0
926,26,여성,4,81.36,월별 계약,계좌 이체,100M,1
927,38,남성,2,109.79,1년 계약,계좌 이체,100M,0
928,49,남성,0,100.99,월별 계약,카드,500M,0
929,63,남성,4,78.31,월별 계약,카드,1G,1
930,44,남성,53,93.02,월별 계약,계좌 이체,100M,0
931,38,남성,6,56.48,2년 계약,계좌 이체,100M,0
932,67,여성,10,84.1,월별 계약,카드,1G,0
933,27,남성,2,66.62,월별 계약,카드,없음,0
934,18,남성,6,38.99,1년 계약,카드,500M,0
935,50,여성,17,90.17,1년 계약,계좌 이체,100M,0
936,38,남성,22,75.65,월별 계약,계좌 이체,100M,0
937,32,여성,6,55.86,월별 계약,계좌 이체,100M,0
938,53,여성,1,111.13,월별 계약,카드,없음,1
939,47,여성,11,22.09,2년 계약,계좌 이체,100M,0
940,38,여성,6,51.58,월별 계약,카드,500M,0
941,29,여성,5,25.69,월별 계약,계좌 이체,100M,0
942,55,남성,72,96.65,월별 계약,카드,500M,0
943,52,남성,22,90.21,월별 계약,카드,1G,0
944,43,남성,19,53.14,1년 계약,카드,1G,1
945,67,여성,12,87.57,월별 계약,계좌 이체,100M,0
946,32,남성,13,59.59,월별 계약,계좌 이체,100M,1
947,26,여성,18,95.63,월별 계약,계좌 이체,100M,1
948,36,여성,28,65.42,월별 계약,카드,없음,0
949,44,여성,29,61.23,월별 계약,카드,1G,1
950,47,여성,4,113.47,2년 계약,카드,500M,0
951,42,남성,16,45.09,1년 계약,카드,1G,0
952,49,여성,12,32.04,2년 계약,카드,1G,0
953,29,여성,49,78.45,2년 계약,계좌 이체,100M,0
954,62,남성,23,116.93,1년 계약,카드,없음,0
955,44,남성,18,57.78,월별 계약,계좌 이체,500M,1
956,58,여성,2,26.2,1년 계약,계좌 이체,500M,0
957,49,여성,22,53.93,2년 계약,카드,500M,0
958,50,여성,2,70.59,1년 계약,계좌 이체,100M,0
959,51,여성,9,36.19,월별 계약,계좌 이체,100M,1
960,50,여성,3,85.81,월별 계약,카드,1G,1
961,52,여성,28,119.77,2년 계약,계좌 이체,100M,0
962,60,남성,5,65.17,1년 계약,카드,1G,1
963,47,남성,11,55.47,2년 계약,계좌 이체,100M,0
964,53,남성,54,60.07,월별 계약,계좌 이체,500M,0
965,43,여성,5,31.51,월별 계약,계좌 이체,100M,1
966,62,여성,17,108.33,월별 계약,계좌 이체,500M,0
967,36,여성,13,61.48,1년 계약,카드,1G,0
968,66,남성,0,58.73,월별 계약,계좌 이체,100M,1
969,44,여성,37,85.97,월별 계약,카드,500M,0
970,27,여성,1,64.2,2년 계약,계좌 이체,500M,0
971,46,여성,15,84.82,월별 계약,카드,1G,1
972,36,여성,19,26.14,2년 계약,카드,없음,0
973,55,남성,23,101.37,월별 계약,카드,1G,0
974,37,여성,28,114.05,2년 계약,계좌 이체,100M,0
975,39,남성,7,84.88,1년 계약,계좌 이체,100M,0
976,22,남성,0,115.46,2년 계약,계좌 이체,100M,1
977,39,여성,30,35.14,2년 계약,카드,500M,0
978,18,여성,18,67.74,월별 계약,계좌 이체,100M,1
979,25,여성,43,80.18,월별 계약,계좌 이체,500M,1
980,54,여성,41,78.17,월별 계약,카드,500M,1
981,54,여성,44,60.15,1년 계약,계좌 이체,500M,0
982,50,여성,15,53.81,2년 계약,카드,1G,0
983,33,여성,9,32.68,월별 계약,계좌 이체,100M,1
984,44,남성,37,59.17,1년 계약,계좌 이체,100M,0
985,44,남성,14,36.27,월별 계약,카드,1G,0
986,31,남성,4,93.44,2년 계약,계좌 이체,500M,0
987,63,남성,46,40.88,2년 계약,카드,1G,1
988,55,남성,51,25.86,월별 계약,계좌 이체,500M,1
989,42,남성,15,75.24,월별 계약,계좌 이체,100M,1
990,45,남성,1,79.52,월별 계약,카드,1G,0
991,47,여성,11,107.19,1년 계약,카드,1G,0
992,20,남성,39,77.7,월별 계약,카드,1G,0
993,42,여성,55,54.55,월별 계약,계좌 이체,100M,1
994,36,남성,5,100.3,월별 계약,카드,500M,0
995,32,여성,1,74.03,월별 계약,계좌 이체,500M,1
996,41,남성,50,27.93,월별 계약,계좌 이체,100M,0
997,66,남성,11,76.59,1년 계약,카드,없음,0
998,52,여성,18,110.8,월별 계약,계좌 이체,100M,1
999,38,남성,72,59.63,1년 계약,카드,없음,0
1000,51,남성,1,49.63,1년 계약,계좌 이체,500M,1
